kiem_tra,trang_thai,chi_tiet
Không có feature leakage,PASS,feature leakage=[]
Feature nằm trong danh sách được xác nhận,PASS,feature ngoài danh sách=[]
"Dataset có đủ order_id, label và feature",PASS,cột thiếu=[]
order_id không null,PASS,order_id null=0
Label không null,PASS,label null=0
Label chỉ nhận 0 hoặc 1,PASS,label ngoài 0/1=0
Numeric feature không có NaN hoặc Infinity,PASS,số bất thường theo feature={}
Số dòng bằng số order_id khác nhau,PASS,"dòng=96470, order_id khác nhau=96470"
train_full + test bằng toàn bộ data,PASS,77379+19091=96470
train_fit + validation bằng train_full,PASS,62054+15325=77379
train_full và test không giao order_id,PASS,giao nhau=0
train_fit và validation không giao order_id,PASS,giao nhau=0
train_fit có đủ hai class để xác định baseline,PASS,"counts=[{'is_late': 0.0, 'count': 57828}, {'is_late': 1.0, 'count': 4226}]"
F1 theo hai công thức khớp nhau,PASS,"F1=0, F1 trực tiếp=0"
Toàn bộ metrics hữu hạn,PASS,"metrics=[0.9316802610114192, 0.0, 0.0, 1.0, 0.0, 0.0, 0.5, 0.0, 0.06831973898858075]"
Confusion matrix Baseline majority class bằng số dòng tập đánh giá,PASS,"TP+TN+FP+FN=15325, số dòng=15325"
TP+FN Baseline majority class bằng số late thật,PASS,TP+FN=1047
TN+FP Baseline majority class bằng số not late thật,PASS,TN+FP=14278
TP+FP Baseline majority class bằng số order được cảnh báo,PASS,"TP+FP=0, cảnh báo=0"
TN+FN Baseline majority class bằng số order không được cảnh báo,PASS,"TN+FN=15325, không cảnh báo=15325"
AUC baseline validation bằng 0.5,PASS,AUC=0.5
Preprocessing train_fit giữ nguyên số dòng,PASS,"trước=62054, sau=62054"
Metadata có tên cho toàn bộ transformed feature,PASS,"num_attrs=141, số tên=141"
Validation preprocessing giữ nguyên số dòng,PASS,"trước=15325, sau=15325"
Hai model có đủ probability trên validation,PASS,"join=15325, validation=15325"
F1 theo hai công thức khớp nhau,PASS,"F1=0.12859518383937921, F1 trực tiếp=0.12859518383937921"
Toàn bộ metrics hữu hạn,PASS,"metrics=[0.07673735725938009, 0.06872942725477288, 0.997134670487106, 0.009244992295839754, 0.9907550077041603, 0.1285951838393792, 0.6958512993387037, 0.9911908646003262, 0.06831973898858075]"
F1 theo hai công thức khớp nhau,PASS,"F1=0.12790129489372098, F1 trực tiếp=0.12790129489372098"
Toàn bộ metrics hữu hạn,PASS,"metrics=[0.06831973898858075, 0.06831973898858075, 1.0, 0.0, 1.0, 0.12790129489372098, 0.6845017608457954, 1.0, 0.06831973898858075]"
F1 theo hai công thức khớp nhau,PASS,"F1=0.132262996941896, F1 trực tiếp=0.13226299694189603"
Toàn bộ metrics hữu hạn,PASS,"metrics=[0.11125611745513866, 0.07085807904976449, 0.9914040114613181, 0.04671522622215997, 0.95328477377784, 0.132262996941896, 0.6958512993387037, 0.9558890701468189, 0.06831973898858075]"
F1 theo hai công thức khớp nhau,PASS,"F1=0.12790129489372098, F1 trực tiếp=0.12790129489372098"
Toàn bộ metrics hữu hạn,PASS,"metrics=[0.06831973898858075, 0.06831973898858075, 1.0, 0.0, 1.0, 0.12790129489372098, 0.6845017608457954, 1.0, 0.06831973898858075]"
F1 theo hai công thức khớp nhau,PASS,"F1=0.13956394945146508, F1 trực tiếp=0.13956394945146508"
Toàn bộ metrics hữu hạn,PASS,"metrics=[0.19138662316476346, 0.0752527143391988, 0.9598853868194842, 0.1350329177755988, 0.8649670822244012, 0.13956394945146508, 0.6958512993387037, 0.8714518760195759, 0.06831973898858075]"
F1 theo hai công thức khớp nhau,PASS,"F1=0.12790129489372098, F1 trực tiếp=0.12790129489372098"
Toàn bộ metrics hữu hạn,PASS,"metrics=[0.06831973898858075, 0.06831973898858075, 1.0, 0.0, 1.0, 0.12790129489372098, 0.6845017608457954, 1.0, 0.06831973898858075]"
F1 theo hai công thức khớp nhau,PASS,"F1=0.15223440825012277, F1 trực tiếp=0.15223440825012277"
Toàn bộ metrics hữu hạn,PASS,"metrics=[0.3241109298531811, 0.08325127562438457, 0.8882521489971347, 0.2827426810477658, 0.7172573189522342, 0.15223440825012277, 0.6958512993387037, 0.7289396411092985, 0.06831973898858075]"
F1 theo hai công thức khớp nhau,PASS,"F1=0.12790129489372098, F1 trực tiếp=0.12790129489372098"
Toàn bộ metrics hữu hạn,PASS,"metrics=[0.06831973898858075, 0.06831973898858075, 1.0, 0.0, 1.0, 0.12790129489372098, 0.6845017608457954, 1.0, 0.06831973898858075]"
F1 theo hai công thức khớp nhau,PASS,"F1=0.16844201095072175, F1 trực tiếp=0.16844201095072175"
Toàn bộ metrics hữu hạn,PASS,"metrics=[0.45494290375203916, 0.09402089353189598, 0.8080229226361032, 0.4290516879114722, 0.5709483120885278, 0.16844201095072175, 0.6958512993387037, 0.5871451876019576, 0.06831973898858075]"
F1 theo hai công thức khớp nhau,PASS,"F1=0.12860038076521527, F1 trực tiếp=0.12860038076521527"
Toàn bộ metrics hữu hạn,PASS,"metrics=[0.07412724306688417, 0.06871882383827776, 1.0, 0.006233366017649531, 0.9937666339823504, 0.12860038076521527, 0.6845017608457954, 0.9941924959216966, 0.06831973898858075]"
F1 theo hai công thức khớp nhau,PASS,"F1=0.18714321171506576, F1 trực tiếp=0.18714321171506576"
Toàn bộ metrics hữu hạn,PASS,"metrics=[0.5725938009787929, 0.10754528597917558, 0.720152817574021, 0.5617733576131111, 0.4382266423868889, 0.18714321171506576, 0.6958512993387037, 0.45748776508972266, 0.06831973898858075]"
F1 theo hai công thức khớp nhau,PASS,"F1=0.1563763817740631, F1 trực tiếp=0.1563763817740631"
Toàn bộ metrics hữu hạn,PASS,"metrics=[0.38747145187601956, 0.08630952380952381, 0.830945558739255, 0.35495167390390814, 0.6450483260960919, 0.1563763817740631, 0.6845017608457954, 0.6577487765089722, 0.06831973898858075]"
F1 theo hai công thức khớp nhau,PASS,"F1=0.20355361596009977, F1 trực tiếp=0.20355361596009974"
Toàn bộ metrics hữu hạn,PASS,"metrics=[0.666557911908646, 0.12162413857329112, 0.623686723973257, 0.6697016388849979, 0.3302983611150021, 0.20355361596009977, 0.6958512993387037, 0.3503425774877651, 0.06831973898858075]"
F1 theo hai công thức khớp nhau,PASS,"F1=0.19780219780219777, F1 trực tiếp=0.19780219780219779"
Toàn bộ metrics hữu hạn,PASS,"metrics=[0.666557911908646, 0.11835431147848957, 0.6017191977077364, 0.6713125087547276, 0.32868749124527247, 0.19780219780219777, 0.6845017608457954, 0.34734094616639477, 0.06831973898858075]"
F1 theo hai công thức khớp nhau,PASS,"F1=0.21117061973986226, F1 trực tiếp=0.21117061973986229"
Toàn bộ metrics hữu hạn,PASS,"metrics=[0.7308972267536705, 0.13202583114087538, 0.5272206303724928, 0.7458327496848298, 0.2541672503151702, 0.21117061973986226, 0.6958512993387037, 0.27282218597063623, 0.06831973898858075]"
F1 theo hai công thức khớp nhau,PASS,"F1=0.22852799594628828, F1 trực tiếp=0.22852799594628831"
Toàn bộ metrics hữu hạn,PASS,"metrics=[0.801305057096248, 0.15551724137931033, 0.43075453677172876, 0.8284773777840033, 0.17152262221599665, 0.22852799594628828, 0.6845017608457954, 0.18923327895595432, 0.06831973898858075]"
F1 theo hai công thức khớp nhau,PASS,"F1=0.22069910897875256, F1 trực tiếp=0.22069910897875258"
Toàn bộ metrics hữu hạn,PASS,"metrics=[0.7774225122349103, 0.14504504504504503, 0.46131805157593125, 0.800602325255638, 0.19939767474436196, 0.22069910897875256, 0.6958512993387037, 0.2172920065252855, 0.06831973898858075]"
F1 theo hai công thức khớp nhau,PASS,"F1=0.24279069767441863, F1 trực tiếp=0.2427906976744186"
Toàn bộ metrics hữu hạn,PASS,"metrics=[0.893768352365416, 0.23662737987307345, 0.2492836676217765, 0.9410281552038101, 0.05897184479618994, 0.24279069767441863, 0.6845017608457954, 0.07197389885807504, 0.06831973898858075]"
F1 theo hai công thức khớp nhau,PASS,"F1=0.22477923468022479, F1 trực tiếp=0.22477923468022479"
Toàn bộ metrics hữu hạn,PASS,"metrics=[0.8109624796084829, 0.15613382899628253, 0.40114613180515757, 0.8410141476397255, 0.15898585236027454, 0.2247792346802248, 0.6958512993387037, 0.17553017944535074, 0.06831973898858075]"
F1 theo hai công thức khớp nhau,PASS,"F1=0.16979819067501739, F1 trực tiếp=0.16979819067501739"
Toàn bộ metrics hữu hạn,PASS,"metrics=[0.9221533442088091, 0.3128205128205128, 0.11652340019102196, 0.9812298641266284, 0.018770135873371622, 0.1697981906750174, 0.6845017608457954, 0.025448613376835235, 0.06831973898858075]"
F1 theo hai công thức khớp nhau,PASS,"F1=0.22795031055900619, F1 trực tiếp=0.22795031055900622"
Toàn bộ metrics hữu hạn,PASS,"metrics=[0.8377814029363785, 0.1688909341923608, 0.35052531041069723, 0.8735116963160107, 0.12648830368398936, 0.2279503105590062, 0.6958512993387037, 0.14179445350734093, 0.06831973898858075]"
F1 theo hai công thức khớp nhau,PASS,"F1=0.05272407732864675, F1 trực tiếp=0.05272407732864675"
Toàn bộ metrics hữu hạn,PASS,"metrics=[0.9296574225122349, 0.32967032967032966, 0.02865329512893983, 0.9957276929541953, 0.0042723070458047345, 0.05272407732864675, 0.6845017608457954, 0.005938009787928222, 0.06831973898858075]"
F1 theo hai công thức khớp nhau,PASS,"F1=0.22728892055575345, F1 trực tiếp=0.22728892055575348"
Toàn bộ metrics hữu hạn,PASS,"metrics=[0.8584665579119086, 0.18125, 0.3046800382043935, 0.899075500770416, 0.10092449922958398, 0.22728892055575345, 0.6958512993387037, 0.11484502446982056, 0.06831973898858075]"
F1 theo hai công thức khớp nhau,PASS,"F1=0.022201665124884366, F1 trực tiếp=0.022201665124884366"
Toàn bộ metrics hữu hạn,PASS,"metrics=[0.9310277324632953, 0.35294117647058826, 0.011461318051575931, 0.9984591679506933, 0.0015408320493066256, 0.022201665124884366, 0.6845017608457954, 0.0022185970636215335, 0.06831973898858075]"
F1 theo hai công thức khớp nhau,PASS,"F1=0.2271062271062271, F1 trực tiếp=0.2271062271062271"
Toàn bộ metrics hữu hạn,PASS,"metrics=[0.8760848287112561, 0.19787234042553192, 0.2664756446991404, 0.9207872251015549, 0.07921277489844517, 0.2271062271062271, 0.6958512993387037, 0.09200652528548124, 0.06831973898858075]"
F1 theo hai công thức khớp nhau,PASS,"F1=0.018726591760299626, F1 trực tiếp=0.018726591760299626"
Toàn bộ metrics hữu hạn,PASS,"metrics=[0.9316150081566068, 0.47619047619047616, 0.009551098376313277, 0.9992295839753467, 0.0007704160246533128, 0.018726591760299626, 0.6845017608457954, 0.0013703099510603588, 0.06831973898858075]"
F1 theo hai công thức khớp nhau,PASS,"F1=0.21801385681293303, F1 trực tiếp=0.21801385681293303"
Toàn bộ metrics hữu hạn,PASS,"metrics=[0.8895269168026101, 0.2110912343470483, 0.22540592168099333, 0.9382266423868889, 0.06177335761311108, 0.21801385681293303, 0.6958512993387037, 0.07295269168026101, 0.06831973898858075]"
F1 theo hai công thức khớp nhau,PASS,"F1=0.0075685903500473037, F1 trực tiếp=0.0075685903500473037"
Toàn bộ metrics hữu hạn,PASS,"metrics=[0.9315497553017944, 0.4, 0.0038204393505253103, 0.9995797730774618, 0.00042022692253817064, 0.007568590350047304, 0.6845017608457954, 0.0006525285481239804, 0.06831973898858075]"
F1 theo hai công thức khớp nhau,PASS,"F1=0.2028227914270779, F1 trực tiếp=0.20282279142707788"
Toàn bộ metrics hữu hạn,PASS,"metrics=[0.9004893964110929, 0.22401847575057737, 0.18529130850047756, 0.9529345846757249, 0.047065415324275106, 0.2028227914270779, 0.6958512993387037, 0.056508972267536706, 0.06831973898858075]"
F1 theo hai công thức khớp nhau,PASS,"F1=0, F1 trực tiếp=0"
Toàn bộ metrics hữu hạn,PASS,"metrics=[0.9313539967373573, 0.0, 0.0, 0.9996498108978848, 0.0003501891021151422, 0.0, 0.6845017608457954, 0.0003262642740619902, 0.06831973898858075]"
F1 theo hai công thức khớp nhau,PASS,"F1=0.18826263800116211, F1 trực tiếp=0.18826263800116211"
Toàn bộ metrics hữu hạn,PASS,"metrics=[0.90884176182708, 0.2403560830860534, 0.15472779369627507, 0.9641406359434095, 0.035859364056590556, 0.1882626380011621, 0.6958512993387037, 0.04398042414355628, 0.06831973898858075]"
F1 theo hai công thức khớp nhau,PASS,"F1=0, F1 trực tiếp=0"
Toàn bộ metrics hữu hạn,PASS,"metrics=[0.9316150081566068, 0.0, 0.0, 0.999929962179577, 7.003782042302843e-05, 0.0, 0.6845017608457954, 6.525285481239805e-05, 0.06831973898858075]"
F1 theo hai công thức khớp nhau,PASS,"F1=0.17182564750473783, F1 trực tiếp=0.17182564750473783"
Toàn bộ metrics hữu hạn,PASS,"metrics=[0.9144535073409462, 0.2537313432835821, 0.12989493791786055, 0.9719848718307886, 0.028015128169211374, 0.17182564750473783, 0.6958512993387037, 0.03497553017944535, 0.06831973898858075]"
F1 theo hai công thức khớp nhau,PASS,"F1=0, F1 trực tiếp=0"
Toàn bộ metrics hữu hạn,PASS,"metrics=[0.9316150081566068, 0.0, 0.0, 0.999929962179577, 7.003782042302843e-05, 0.0, 0.6845017608457954, 6.525285481239805e-05, 0.06831973898858075]"
F1 theo hai công thức khớp nhau,PASS,"F1=0.15003441156228492, F1 trực tiếp=0.15003441156228492"
Toàn bộ metrics hữu hạn,PASS,"metrics=[0.9194127243066884, 0.2684729064039409, 0.1041069723018147, 0.9791987673343605, 0.020801232665639446, 0.15003441156228492, 0.6958512993387037, 0.026492659053833606, 0.06831973898858075]"
F1 theo hai công thức khớp nhau,PASS,"F1=0, F1 trực tiếp=0"
Toàn bộ metrics hữu hạn,PASS,"metrics=[0.9316150081566068, 0.0, 0.0, 0.999929962179577, 7.003782042302843e-05, 0.0, 0.6845017608457954, 6.525285481239805e-05, 0.06831973898858075]"
F1 theo hai công thức khớp nhau,PASS,"F1=0.11521418020679468, F1 trực tiếp=0.11521418020679468"
Toàn bộ metrics hữu hạn,PASS,"metrics=[0.9218270799347471, 0.254071661237785, 0.07449856733524356, 0.9839613391231264, 0.01603866087687351, 0.11521418020679468, 0.6958512993387037, 0.0200326264274062, 0.06831973898858075]"
F1 theo hai công thức khớp nhau,PASS,"F1=0, F1 trực tiếp=0"
Toàn bộ metrics hữu hạn,PASS,"metrics=[0.9316150081566068, 0.0, 0.0, 0.999929962179577, 7.003782042302843e-05, 0.0, 0.6845017608457954, 6.525285481239805e-05, 0.06831973898858075]"
F1 theo hai công thức khớp nhau,PASS,"F1=0.090695856137607514, F1 trực tiếp=0.0906958561376075"
Toàn bộ metrics hữu hạn,PASS,"metrics=[0.9241109298531811, 0.25, 0.055396370582617004, 0.9878134192463931, 0.012186580753606948, 0.09069585613760751, 0.6958512993387037, 0.015138662316476346, 0.06831973898858075]"
F1 theo hai công thức khớp nhau,PASS,"F1=0, F1 trực tiếp=0"
Toàn bộ metrics hữu hạn,PASS,"metrics=[0.9316150081566068, 0.0, 0.0, 0.999929962179577, 7.003782042302843e-05, 0.0, 0.6845017608457954, 6.525285481239805e-05, 0.06831973898858075]"
F1 theo hai công thức khớp nhau,PASS,"F1=0.066938775510204093, F1 trực tiếp=0.066938775510204079"
Toàn bộ metrics hữu hạn,PASS,"metrics=[0.9254159869494291, 0.2303370786516854, 0.039159503342884434, 0.9904048186020451, 0.009595181397954896, 0.0669387755102041, 0.6958512993387037, 0.011615008156606852, 0.06831973898858075]"
F1 theo hai công thức khớp nhau,PASS,"F1=0, F1 trực tiếp=0"
Toàn bộ metrics hữu hạn,PASS,"metrics=[0.9316150081566068, 0.0, 0.0, 0.999929962179577, 7.003782042302843e-05, 0.0, 0.6845017608457954, 6.525285481239805e-05, 0.06831973898858075]"
F1 theo hai công thức khớp nhau,PASS,"F1=0.052276559865092755, F1 trực tiếp=0.052276559865092748"
Toàn bộ metrics hữu hạn,PASS,"metrics=[0.9266557911908646, 0.22302158273381295, 0.029608404966571154, 0.992435915394313, 0.007564084605687071, 0.052276559865092755, 0.6958512993387037, 0.009070146818923328, 0.06831973898858075]"
F1 theo hai công thức khớp nhau,PASS,"F1=0, F1 trực tiếp=0"
Toàn bộ metrics hữu hạn,PASS,"metrics=[0.9316150081566068, 0.0, 0.0, 0.999929962179577, 7.003782042302843e-05, 0.0, 0.6845017608457954, 6.525285481239805e-05, 0.06831973898858075]"
F1 theo hai công thức khớp nhau,PASS,"F1=0.041594454072790291, F1 trực tiếp=0.041594454072790298"
Toàn bộ metrics hữu hạn,PASS,"metrics=[0.9278303425774878, 0.22429906542056074, 0.022922636103151862, 0.9941868609048886, 0.00581313909511136, 0.04159445407279029, 0.6958512993387037, 0.00698205546492659, 0.06831973898858075]"
F1 theo hai công thức khớp nhau,PASS,"F1=0, F1 trực tiếp=0"
Toàn bộ metrics hữu hạn,PASS,"metrics=[0.9316150081566068, 0.0, 0.0, 0.999929962179577, 7.003782042302843e-05, 0.0, 0.6845017608457954, 6.525285481239805e-05, 0.06831973898858075]"
F1 theo hai công thức khớp nhau,PASS,"F1=0.031718061674008813, F1 trực tiếp=0.031718061674008813"
Toàn bộ metrics hữu hạn,PASS,"metrics=[0.9282871125611746, 0.20454545454545456, 0.017191977077363897, 0.995097352570388, 0.0049026474296119905, 0.03171806167400881, 0.6958512993387037, 0.005742251223491028, 0.06831973898858075]"
F1 theo hai công thức khớp nhau,PASS,"F1=0, F1 trực tiếp=0"
Toàn bộ metrics hữu hạn,PASS,"metrics=[0.9316150081566068, 0.0, 0.0, 0.999929962179577, 7.003782042302843e-05, 0.0, 0.6845017608457954, 6.525285481239805e-05, 0.06831973898858075]"
F1 theo hai công thức khớp nhau,PASS,"F1=0.021582733812949638, F1 trực tiếp=0.021582733812949641"
Toàn bộ metrics hữu hạn,PASS,"metrics=[0.9290048939641109, 0.18461538461538463, 0.011461318051575931, 0.9962879955175795, 0.0037120044824205073, 0.021582733812949638, 0.6958512993387037, 0.004241435562805873, 0.06831973898858075]"
F1 theo hai công thức khớp nhau,PASS,"F1=0, F1 trực tiếp=0"
Toàn bộ metrics hữu hạn,PASS,"metrics=[0.9316802610114192, 0.0, 0.0, 1.0, 0.0, 0.0, 0.6845017608457954, 0.0, 0.06831973898858075]"
F1 theo hai công thức khớp nhau,PASS,"F1=0.019981834695731154, F1 trực tiếp=0.019981834695731154"
Toàn bộ metrics hữu hạn,PASS,"metrics=[0.9295921696574225, 0.2037037037037037, 0.010506208213944603, 0.9969883737218098, 0.003011626278190223, 0.019981834695731154, 0.6958512993387037, 0.003523654159869494, 0.06831973898858075]"
F1 theo hai công thức khớp nhau,PASS,"F1=0, F1 trực tiếp=0"
Toàn bộ metrics hữu hạn,PASS,"metrics=[0.9316802610114192, 0.0, 0.0, 1.0, 0.0, 0.0, 0.6845017608457954, 0.0, 0.06831973898858075]"
F1 theo hai công thức khớp nhau,PASS,"F1=0.014719411223551058, F1 trực tiếp=0.014719411223551058"
Toàn bộ metrics hữu hạn,PASS,"metrics=[0.9301141924959216, 0.2, 0.007640878701050621, 0.997758789746463, 0.0022412102535369098, 0.014719411223551058, 0.6958512993387037, 0.0026101141924959217, 0.06831973898858075]"
F1 theo hai công thức khớp nhau,PASS,"F1=0, F1 trực tiếp=0"
Toàn bộ metrics hữu hạn,PASS,"metrics=[0.9316802610114192, 0.0, 0.0, 1.0, 0.0, 0.0, 0.6845017608457954, 0.0, 0.06831973898858075]"
F1 theo hai công thức khớp nhau,PASS,"F1=0.0092592592592592587, F1 trực tiếp=0.0092592592592592587"
Toàn bộ metrics hữu hạn,PASS,"metrics=[0.930179445350734, 0.15151515151515152, 0.004775549188156638, 0.9980389410281552, 0.0019610589718447964, 0.009259259259259259, 0.6958512993387037, 0.0021533442088091355, 0.06831973898858075]"
F1 theo hai công thức khớp nhau,PASS,"F1=0, F1 trực tiếp=0"
Toàn bộ metrics hữu hạn,PASS,"metrics=[0.9316802610114192, 0.0, 0.0, 1.0, 0.0, 0.0, 0.6845017608457954, 0.0, 0.06831973898858075]"
F1 theo hai công thức khớp nhau,PASS,"F1=0.007462686567164179, F1 trực tiếp=0.007462686567164179"
Toàn bộ metrics hữu hạn,PASS,"metrics=[0.9305709624796085, 0.16, 0.0038204393505253103, 0.9985292057711164, 0.001470794228883597, 0.007462686567164179, 0.6958512993387037, 0.0016313213703099511, 0.06831973898858075]"
F1 theo hai công thức khớp nhau,PASS,"F1=0, F1 trực tiếp=0"
Toàn bộ metrics hữu hạn,PASS,"metrics=[0.9316802610114192, 0.0, 0.0, 1.0, 0.0, 0.0, 0.6845017608457954, 0.0, 0.06831973898858075]"
F1 theo hai công thức khớp nhau,PASS,"F1=0.0074836295603367634, F1 trực tiếp=0.0074836295603367634"
Toàn bộ metrics hữu hạn,PASS,"metrics=[0.9307667210440457, 0.18181818181818182, 0.0038204393505253103, 0.9987393192323855, 0.0012606807676145118, 0.007483629560336763, 0.6958512993387037, 0.001435562805872757, 0.06831973898858075]"
F1 theo hai công thức khớp nhau,PASS,"F1=0, F1 trực tiếp=0"
Toàn bộ metrics hữu hạn,PASS,"metrics=[0.9316802610114192, 0.0, 0.0, 1.0, 0.0, 0.0, 0.6845017608457954, 0.0, 0.06831973898858075]"
F1 theo hai công thức khớp nhau,PASS,"F1=0.0056338028169014088, F1 trực tiếp=0.0056338028169014088"
Toàn bộ metrics hữu hạn,PASS,"metrics=[0.9308972267536705, 0.16666666666666666, 0.0028653295128939827, 0.9989494326936545, 0.0010505673063454265, 0.005633802816901409, 0.6958512993387037, 0.0011745513866231647, 0.06831973898858075]"
F1 theo hai công thức khớp nhau,PASS,"F1=0, F1 trực tiếp=0"
Toàn bộ metrics hữu hạn,PASS,"metrics=[0.9316802610114192, 0.0, 0.0, 1.0, 0.0, 0.0, 0.6845017608457954, 0.0, 0.06831973898858075]"
F1 theo hai công thức khớp nhau,PASS,"F1=0.0056497175141242929, F1 trực tiếp=0.0056497175141242938"
Toàn bộ metrics hữu hạn,PASS,"metrics=[0.9310929853181077, 0.2, 0.0028653295128939827, 0.9991595461549236, 0.0008404538450763413, 0.005649717514124293, 0.6958512993387037, 0.0009787928221859706, 0.06831973898858075]"
F1 theo hai công thức khớp nhau,PASS,"F1=0, F1 trực tiếp=0"
Toàn bộ metrics hữu hạn,PASS,"metrics=[0.9316802610114192, 0.0, 0.0, 1.0, 0.0, 0.0, 0.6845017608457954, 0.0, 0.06831973898858075]"
F1 theo hai công thức khớp nhau,PASS,"F1=0.0056657223796033997, F1 trực tiếp=0.0056657223796033997"
Toàn bộ metrics hữu hạn,PASS,"metrics=[0.9312887438825449, 0.25, 0.0028653295128939827, 0.9993696596161927, 0.0006303403838072559, 0.0056657223796034, 0.6958512993387037, 0.0007830342577487765, 0.06831973898858075]"
F1 theo hai công thức khớp nhau,PASS,"F1=0, F1 trực tiếp=0"
Toàn bộ metrics hữu hạn,PASS,"metrics=[0.9316802610114192, 0.0, 0.0, 1.0, 0.0, 0.0, 0.6845017608457954, 0.0, 0.06831973898858075]"
F1 theo hai công thức khớp nhau,PASS,"F1=0.0037950664136622387, F1 trực tiếp=0.0037950664136622392"
Toàn bộ metrics hữu hạn,PASS,"metrics=[0.9314845024469821, 0.2857142857142857, 0.0019102196752626551, 0.9996498108978848, 0.0003501891021151422, 0.0037950664136622387, 0.6958512993387037, 0.0004567699836867863, 0.06831973898858075]"
F1 theo hai công thức khớp nhau,PASS,"F1=0, F1 trực tiếp=0"
Toàn bộ metrics hữu hạn,PASS,"metrics=[0.9316802610114192, 0.0, 0.0, 1.0, 0.0, 0.0, 0.6845017608457954, 0.0, 0.06831973898858075]"
F1 theo hai công thức khớp nhau,PASS,"F1=0.0038022813688212923, F1 trực tiếp=0.0038022813688212928"
Toàn bộ metrics hữu hạn,PASS,"metrics=[0.9316150081566068, 0.4, 0.0019102196752626551, 0.9997898865387309, 0.00021011346126908532, 0.0038022813688212923, 0.6958512993387037, 0.0003262642740619902, 0.06831973898858075]"
F1 theo hai công thức khớp nhau,PASS,"F1=0, F1 trực tiếp=0"
Toàn bộ metrics hữu hạn,PASS,"metrics=[0.9316802610114192, 0.0, 0.0, 1.0, 0.0, 0.0, 0.6845017608457954, 0.0, 0.06831973898858075]"
F1 theo hai công thức khớp nhau,PASS,"F1=0.0019029495718363464, F1 trực tiếp=0.0019029495718363464"
Toàn bộ metrics hữu hạn,PASS,"metrics=[0.9315497553017944, 0.25, 0.0009551098376313276, 0.9997898865387309, 0.00021011346126908532, 0.0019029495718363464, 0.6958512993387037, 0.0002610114192495922, 0.06831973898858075]"
F1 theo hai công thức khớp nhau,PASS,"F1=0, F1 trực tiếp=0"
Toàn bộ metrics hữu hạn,PASS,"metrics=[0.9316802610114192, 0.0, 0.0, 1.0, 0.0, 0.0, 0.6845017608457954, 0.0, 0.06831973898858075]"
F1 theo hai công thức khớp nhau,PASS,"F1=0.0019047619047619048, F1 trực tiếp=0.0019047619047619048"
Toàn bộ metrics hữu hạn,PASS,"metrics=[0.9316150081566068, 0.3333333333333333, 0.0009551098376313276, 0.9998599243591539, 0.00014007564084605686, 0.0019047619047619048, 0.6958512993387037, 0.00019575856443719412, 0.06831973898858075]"
F1 theo hai công thức khớp nhau,PASS,"F1=0, F1 trực tiếp=0"
Toàn bộ metrics hữu hạn,PASS,"metrics=[0.9316802610114192, 0.0, 0.0, 1.0, 0.0, 0.0, 0.6845017608457954, 0.0, 0.06831973898858075]"
F1 theo hai công thức khớp nhau,PASS,"F1=0.0019047619047619048, F1 trực tiếp=0.0019047619047619048"
Toàn bộ metrics hữu hạn,PASS,"metrics=[0.9316150081566068, 0.3333333333333333, 0.0009551098376313276, 0.9998599243591539, 0.00014007564084605686, 0.0019047619047619048, 0.6958512993387037, 0.00019575856443719412, 0.06831973898858075]"
F1 theo hai công thức khớp nhau,PASS,"F1=0, F1 trực tiếp=0"
Toàn bộ metrics hữu hạn,PASS,"metrics=[0.9316802610114192, 0.0, 0.0, 1.0, 0.0, 0.0, 0.6845017608457954, 0.0, 0.06831973898858075]"
F1 theo hai công thức khớp nhau,PASS,"F1=0.0019047619047619048, F1 trực tiếp=0.0019047619047619048"
Toàn bộ metrics hữu hạn,PASS,"metrics=[0.9316150081566068, 0.3333333333333333, 0.0009551098376313276, 0.9998599243591539, 0.00014007564084605686, 0.0019047619047619048, 0.6958512993387037, 0.00019575856443719412, 0.06831973898858075]"
F1 theo hai công thức khớp nhau,PASS,"F1=0, F1 trực tiếp=0"
Toàn bộ metrics hữu hạn,PASS,"metrics=[0.9316802610114192, 0.0, 0.0, 1.0, 0.0, 0.0, 0.6845017608457954, 0.0, 0.06831973898858075]"
F1 theo hai công thức khớp nhau,PASS,"F1=0.0019047619047619048, F1 trực tiếp=0.0019047619047619048"
Toàn bộ metrics hữu hạn,PASS,"metrics=[0.9316150081566068, 0.3333333333333333, 0.0009551098376313276, 0.9998599243591539, 0.00014007564084605686, 0.0019047619047619048, 0.6958512993387037, 0.00019575856443719412, 0.06831973898858075]"
F1 theo hai công thức khớp nhau,PASS,"F1=0, F1 trực tiếp=0"
Toàn bộ metrics hữu hạn,PASS,"metrics=[0.9316802610114192, 0.0, 0.0, 1.0, 0.0, 0.0, 0.6845017608457954, 0.0, 0.06831973898858075]"
F1 theo hai công thức khớp nhau,PASS,"F1=0.0019047619047619048, F1 trực tiếp=0.0019047619047619048"
Toàn bộ metrics hữu hạn,PASS,"metrics=[0.9316150081566068, 0.3333333333333333, 0.0009551098376313276, 0.9998599243591539, 0.00014007564084605686, 0.0019047619047619048, 0.6958512993387037, 0.00019575856443719412, 0.06831973898858075]"
F1 theo hai công thức khớp nhau,PASS,"F1=0, F1 trực tiếp=0"
Toàn bộ metrics hữu hạn,PASS,"metrics=[0.9316802610114192, 0.0, 0.0, 1.0, 0.0, 0.0, 0.6845017608457954, 0.0, 0.06831973898858075]"
F1 theo hai công thức khớp nhau,PASS,"F1=0.0019047619047619048, F1 trực tiếp=0.0019047619047619048"
Toàn bộ metrics hữu hạn,PASS,"metrics=[0.9316150081566068, 0.3333333333333333, 0.0009551098376313276, 0.9998599243591539, 0.00014007564084605686, 0.0019047619047619048, 0.6958512993387037, 0.00019575856443719412, 0.06831973898858075]"
F1 theo hai công thức khớp nhau,PASS,"F1=0, F1 trực tiếp=0"
Toàn bộ metrics hữu hạn,PASS,"metrics=[0.9316802610114192, 0.0, 0.0, 1.0, 0.0, 0.0, 0.6845017608457954, 0.0, 0.06831973898858075]"
F1 theo hai công thức khớp nhau,PASS,"F1=0.0019047619047619048, F1 trực tiếp=0.0019047619047619048"
Toàn bộ metrics hữu hạn,PASS,"metrics=[0.9316150081566068, 0.3333333333333333, 0.0009551098376313276, 0.9998599243591539, 0.00014007564084605686, 0.0019047619047619048, 0.6958512993387037, 0.00019575856443719412, 0.06831973898858075]"
F1 theo hai công thức khớp nhau,PASS,"F1=0, F1 trực tiếp=0"
Toàn bộ metrics hữu hạn,PASS,"metrics=[0.9316802610114192, 0.0, 0.0, 1.0, 0.0, 0.0, 0.6845017608457954, 0.0, 0.06831973898858075]"
F1 theo hai công thức khớp nhau,PASS,"F1=0.0019065776930409911, F1 trực tiếp=0.0019065776930409914"
Toàn bộ metrics hữu hạn,PASS,"metrics=[0.9316802610114192, 0.5, 0.0009551098376313276, 0.999929962179577, 7.003782042302843e-05, 0.0019065776930409911, 0.6958512993387037, 0.0001305057096247961, 0.06831973898858075]"
F1 theo hai công thức khớp nhau,PASS,"F1=0, F1 trực tiếp=0"
Toàn bộ metrics hữu hạn,PASS,"metrics=[0.9316802610114192, 0.0, 0.0, 1.0, 0.0, 0.0, 0.6845017608457954, 0.0, 0.06831973898858075]"
F1 theo hai công thức khớp nhau,PASS,"F1=0.0019065776930409911, F1 trực tiếp=0.0019065776930409914"
Toàn bộ metrics hữu hạn,PASS,"metrics=[0.9316802610114192, 0.5, 0.0009551098376313276, 0.999929962179577, 7.003782042302843e-05, 0.0019065776930409911, 0.6958512993387037, 0.0001305057096247961, 0.06831973898858075]"
F1 theo hai công thức khớp nhau,PASS,"F1=0, F1 trực tiếp=0"
Toàn bộ metrics hữu hạn,PASS,"metrics=[0.9316802610114192, 0.0, 0.0, 1.0, 0.0, 0.0, 0.6845017608457954, 0.0, 0.06831973898858075]"
F1 theo hai công thức khớp nhau,PASS,"F1=0.0019065776930409911, F1 trực tiếp=0.0019065776930409914"
Toàn bộ metrics hữu hạn,PASS,"metrics=[0.9316802610114192, 0.5, 0.0009551098376313276, 0.999929962179577, 7.003782042302843e-05, 0.0019065776930409911, 0.6958512993387037, 0.0001305057096247961, 0.06831973898858075]"
F1 theo hai công thức khớp nhau,PASS,"F1=0, F1 trực tiếp=0"
Toàn bộ metrics hữu hạn,PASS,"metrics=[0.9316802610114192, 0.0, 0.0, 1.0, 0.0, 0.0, 0.6845017608457954, 0.0, 0.06831973898858075]"
F1 theo hai công thức khớp nhau,PASS,"F1=0.0019065776930409911, F1 trực tiếp=0.0019065776930409914"
Toàn bộ metrics hữu hạn,PASS,"metrics=[0.9316802610114192, 0.5, 0.0009551098376313276, 0.999929962179577, 7.003782042302843e-05, 0.0019065776930409911, 0.6958512993387037, 0.0001305057096247961, 0.06831973898858075]"
F1 theo hai công thức khớp nhau,PASS,"F1=0, F1 trực tiếp=0"
Toàn bộ metrics hữu hạn,PASS,"metrics=[0.9316802610114192, 0.0, 0.0, 1.0, 0.0, 0.0, 0.6845017608457954, 0.0, 0.06831973898858075]"
F1 theo hai công thức khớp nhau,PASS,"F1=0.0019065776930409911, F1 trực tiếp=0.0019065776930409914"
Toàn bộ metrics hữu hạn,PASS,"metrics=[0.9316802610114192, 0.5, 0.0009551098376313276, 0.999929962179577, 7.003782042302843e-05, 0.0019065776930409911, 0.6958512993387037, 0.0001305057096247961, 0.06831973898858075]"
F1 theo hai công thức khớp nhau,PASS,"F1=0, F1 trực tiếp=0"
Toàn bộ metrics hữu hạn,PASS,"metrics=[0.9316802610114192, 0.0, 0.0, 1.0, 0.0, 0.0, 0.6845017608457954, 0.0, 0.06831973898858075]"
F1 theo hai công thức khớp nhau,PASS,"F1=0.0019065776930409911, F1 trực tiếp=0.0019065776930409914"
Toàn bộ metrics hữu hạn,PASS,"metrics=[0.9316802610114192, 0.5, 0.0009551098376313276, 0.999929962179577, 7.003782042302843e-05, 0.0019065776930409911, 0.6958512993387037, 0.0001305057096247961, 0.06831973898858075]"
F1 theo hai công thức khớp nhau,PASS,"F1=0, F1 trực tiếp=0"
Toàn bộ metrics hữu hạn,PASS,"metrics=[0.9316802610114192, 0.0, 0.0, 1.0, 0.0, 0.0, 0.6845017608457954, 0.0, 0.06831973898858075]"
Có common threshold thỏa alert rate của cả hai model,PASS,số candidate hợp lệ=40
F1 theo hai công thức khớp nhau,PASS,"F1=0.20355361596009977, F1 trực tiếp=0.20355361596009974"
Toàn bộ metrics hữu hạn,PASS,"metrics=[0.666557911908646, 0.12162413857329112, 0.623686723973257, 0.6697016388849979, 0.3302983611150021, 0.20355361596009977, 0.6958512993387037, 0.3503425774877651, 0.06831973898858075]"
F1 theo hai công thức khớp nhau,PASS,"F1=0.19780219780219777, F1 trực tiếp=0.19780219780219779"
Toàn bộ metrics hữu hạn,PASS,"metrics=[0.666557911908646, 0.11835431147848957, 0.6017191977077364, 0.6713125087547276, 0.32868749124527247, 0.19780219780219777, 0.6845017608457954, 0.34734094616639477, 0.06831973898858075]"
F1 theo hai công thức khớp nhau,PASS,"F1=0.20476947535771065, F1 trực tiếp=0.20476947535771065"
Toàn bộ metrics hữu hạn,PASS,"metrics=[0.673605220228385, 0.12283044058744993, 0.6150907354345749, 0.6778960638744922, 0.32210393612550775, 0.20476947535771065, 0.6958512993387037, 0.34212071778140296, 0.06831973898858075]"
F1 theo hai công thức khớp nhau,PASS,"F1=0.20327421555252387, F1 trực tiếp=0.20327421555252387"
Toàn bộ metrics hữu hạn,PASS,"metrics=[0.6951386623164764, 0.12372846169815238, 0.5692454632282713, 0.704370359994397, 0.29562964000560304, 0.20327421555252387, 0.6845017608457954, 0.3143230016313214, 0.06831973898858075]"
F1 theo hai công thức khớp nhau,PASS,"F1=0.20557717250324253, F1 trực tiếp=0.20557717250324253"
Toàn bộ metrics hữu hạn,PASS,"metrics=[0.6802610114192496, 0.12380394454208163, 0.6055396370582617, 0.6857402997618715, 0.3142597002381286, 0.20557717250324253, 0.6958512993387037, 0.3341598694942904, 0.06831973898858075]"
F1 theo hai công thức khớp nhau,PASS,"F1=0.20481273747059892, F1 trực tiếp=0.20481273747059889"
Toàn bộ metrics hữu hạn,PASS,"metrics=[0.7132137030995106, 0.1263392857142857, 0.5405921680993314, 0.7258719708642667, 0.2741280291357333, 0.20481273747059892, 0.6845017608457954, 0.2923327895595432, 0.06831973898858075]"
F1 theo hai công thức khớp nhau,PASS,"F1=0.20667885030736002, F1 trực tiếp=0.20667885030736002"
Toàn bộ metrics hữu hạn,PASS,"metrics=[0.6884176182707994, 0.1251005631536605, 0.5940783190066857, 0.6953354811598264, 0.3046645188401737, 0.20667885030736002, 0.6958512993387037, 0.3244371941272431, 0.06831973898858075]"
F1 theo hai công thức khớp nhau,PASS,"F1=0.20653398422831395, F1 trực tiếp=0.20653398422831393"
Toàn bộ metrics hữu hạn,PASS,"metrics=[0.7242414355628058, 0.12853470437017994, 0.5253104106972302, 0.7388289676425269, 0.261171032357473, 0.20653398422831395, 0.6845017608457954, 0.27921696574225124, 0.06831973898858075]"
F1 theo hai công thức khớp nhau,PASS,"F1=0.20695504664970316, F1 trực tiếp=0.20695504664970313"
Toàn bộ metrics hữu hạn,PASS,"metrics=[0.6949429037520392, 0.12582508250825084, 0.5826170009551098, 0.7031797170472055, 0.2968202829527945, 0.20695504664970316, 0.6958512993387037, 0.3163458401305057, 0.06831973898858075]"
F1 theo hai công thức khớp nhau,PASS,"F1=0.21042319749216298, F1 trực tiếp=0.21042319749216301"
Toàn bộ metrics hữu hạn,PASS,"metrics=[0.7370309951060359, 0.1323638156273108, 0.5128939828080229, 0.7534668721109399, 0.2465331278890601, 0.21042319749216298, 0.6845017608457954, 0.26473083197389885, 0.06831973898858075]"
F1 theo hai công thức khớp nhau,PASS,"F1=0.20694420452582479, F1 trực tiếp=0.20694420452582485"
Toàn bộ metrics hữu hạn,PASS,"metrics=[0.7004241435562806, 0.1263180092787853, 0.5721107927411653, 0.7098333099873932, 0.2901666900126068, 0.2069442045258248, 0.6958512993387037, 0.3094290375203915, 0.06831973898858075]"
F1 theo hai công thức khớp nhau,PASS,"F1=0.21189364724984777, F1 trực tiếp=0.21189364724984777"
Toàn bộ metrics hữu hạn,PASS,"metrics=[0.7466231647634584, 0.1345360824742268, 0.498567335243553, 0.7648129990194705, 0.2351870009805295, 0.21189364724984777, 0.6845017608457954, 0.2531810766721044, 0.06831973898858075]"
F1 theo hai công thức khớp nhau,PASS,"F1=0.20776014109347446, F1 trực tiếp=0.20776014109347443"
Toàn bộ metrics hữu hạn,PASS,"metrics=[0.706884176182708, 0.127406446030716, 0.562559694364852, 0.7174674324135033, 0.2825325675864967, 0.20776014109347446, 0.6958512993387037, 0.30166394779771616, 0.06831973898858075]"
F1 theo hai công thức khớp nhau,PASS,"F1=0.21192893401015231, F1 trực tiếp=0.21192893401015228"
Toàn bộ metrics hữu hạn,PASS,"metrics=[0.7568678629690049, 0.1361043194784026, 0.4785100286532951, 0.7772797310547696, 0.22272026894523042, 0.2119289340101523, 0.6845017608457954, 0.2401957585644372, 0.06831973898858075]"
F1 theo hai công thức khớp nhau,PASS,"F1=0.21026102610261027, F1 trực tiếp=0.21026102610261027"
Toàn bộ metrics hữu hạn,PASS,"metrics=[0.7137357259380098, 0.129547471162378, 0.5577841451766953, 0.7251715926600364, 0.27482840733996355, 0.21026102610261027, 0.6958512993387037, 0.29415986949429035, 0.06831973898858075]"
F1 theo hai công thức khớp nhau,PASS,"F1=0.21599820748375531, F1 trực tiếp=0.21599820748375531"
Toàn bộ metrics hữu hạn,PASS,"metrics=[0.7716802610114193, 0.1411007025761124, 0.4603629417382999, 0.7945090348788346, 0.20549096512116544, 0.2159982074837553, 0.6845017608457954, 0.22290375203915172, 0.06831973898858075]"
F1 theo hai công thức khớp nhau,PASS,"F1=0.21006243114212267, F1 trực tiếp=0.21006243114212267"
Toàn bộ metrics hữu hạn,PASS,"metrics=[0.7192822185970636, 0.13002955217094794, 0.5463228271251194, 0.7319652612410702, 0.2680347387589298, 0.21006243114212267, 0.6958512993387037, 0.287047308319739, 0.06831973898858075]"
F1 theo hai công thức khớp nhau,PASS,"F1=0.2227488151658768, F1 trực tiếp=0.22274881516587677"
Toàn bộ metrics hữu hạn,PASS,"metrics=[0.7859706362153345, 0.14812480302552788, 0.448901623686724, 0.8106877713965541, 0.18931222860344585, 0.2227488151658768, 0.6845017608457954, 0.207047308319739, 0.06831973898858075]"
F1 theo hai công thức khớp nhau,PASS,"F1=0.21092137361606306, F1 trực tiếp=0.21092137361606306"
Toàn bộ metrics hữu hạn,PASS,"metrics=[0.7256117455138662, 0.13124708080336292, 0.5367717287488061, 0.7394593080263342, 0.2605406919736658, 0.21092137361606306, 0.6958512993387037, 0.2794127243066884, 0.06831973898858075]"
F1 theo hai công thức khớp nhau,PASS,"F1=0.22695738354806738, F1 trực tiếp=0.22695738354806738"
Toàn bộ metrics hữu hạn,PASS,"metrics=[0.7964110929853181, 0.15322850451656073, 0.437440305635148, 0.8227342765093151, 0.17726572349068498, 0.22695738354806738, 0.6845017608457954, 0.19504078303425776, 0.06831973898858075]"
F1 theo hai công thức khớp nhau,PASS,"F1=0.21117061973986226, F1 trực tiếp=0.21117061973986229"
Toàn bộ metrics hữu hạn,PASS,"metrics=[0.7308972267536705, 0.13202583114087538, 0.5272206303724928, 0.7458327496848298, 0.2541672503151702, 0.21117061973986226, 0.6958512993387037, 0.27282218597063623, 0.06831973898858075]"
F1 theo hai công thức khớp nhau,PASS,"F1=0.22852799594628828, F1 trực tiếp=0.22852799594628831"
Toàn bộ metrics hữu hạn,PASS,"metrics=[0.801305057096248, 0.15551724137931033, 0.43075453677172876, 0.8284773777840033, 0.17152262221599665, 0.22852799594628828, 0.6845017608457954, 0.18923327895595432, 0.06831973898858075]"
F1 theo hai công thức khớp nhau,PASS,"F1=0.21308920919361121, F1 trực tiếp=0.21308920919361121"
Toàn bộ metrics hữu hạn,PASS,"metrics=[0.736378466557912, 0.13383900171274773, 0.5224450811843362, 0.7520661157024794, 0.24793388429752067, 0.2130892091936112, 0.6958512993387037, 0.2666884176182708, 0.06831973898858075]"
F1 theo hai công thức khớp nhau,PASS,"F1=0.22864864864864867, F1 trực tiếp=0.22864864864864864"
Toàn bộ metrics hữu hạn,PASS,"metrics=[0.813768352365416, 0.159442140972484, 0.4040114613180516, 0.8438156604566466, 0.15618433954335342, 0.22864864864864867, 0.6845017608457954, 0.173115823817292, 0.06831973898858075]"
F1 theo hai công thức khớp nhau,PASS,"F1=0.21311150722915428, F1 trực tiếp=0.21311150722915428"
Toàn bộ metrics hữu hạn,PASS,"metrics=[0.7407504078303426, 0.1344327836081959, 0.5138490926456543, 0.7573889900546295, 0.2426110099453705, 0.21311150722915428, 0.6958512993387037, 0.26114192495921695, 0.06831973898858075]"
F1 theo hai công thức khớp nhau,PASS,"F1=0.22137404580152673, F1 trực tiếp=0.22137404580152673"
Toàn bộ metrics hữu hạn,PASS,"metrics=[0.8269494290375204, 0.15981348028825773, 0.3600764087870105, 0.8611850399215576, 0.13881496007844235, 0.22137404580152673, 0.6845017608457954, 0.15393148450244698, 0.06831973898858075]"
F1 theo hai công thức khớp nhau,PASS,"F1=0.21461646869337625, F1 trực tiếp=0.21461646869337628"
Toàn bộ metrics hữu hạn,PASS,"metrics=[0.7454486133768352, 0.13596938775510203, 0.5090735434574976, 0.7627819022272027, 0.23721809777279732, 0.21461646869337625, 0.6958512993387037, 0.25579119086460034, 0.06831973898858075]"
F1 theo hai công thức khớp nhau,PASS,"F1=0.22692425636307884, F1 trực tiếp=0.22692425636307881"
Toàn bộ metrics hữu hạn,PASS,"metrics=[0.8354975530179445, 0.16711833785004518, 0.3533906399235912, 0.8708502591399355, 0.12914974086006442, 0.22692425636307884, 0.6845017608457954, 0.14446982055464927, 0.06831973898858075]"
F1 theo hai công thức khớp nhau,PASS,"F1=0.2153972153972154, F1 trực tiếp=0.2153972153972154"
Toàn bộ metrics hữu hạn,PASS,"metrics=[0.7499510603588907, 0.13708626531144122, 0.5023877745940784, 0.7681047765793528, 0.23189522342064714, 0.2153972153972154, 0.6958512993387037, 0.25037520391517126, 0.06831973898858075]"
F1 theo hai công thức khớp nhau,PASS,"F1=0.23459244532803181, F1 trực tiếp=0.23459244532803181"
Toàn bộ metrics hữu hạn,PASS,"metrics=[0.8492659053833606, 0.1796042617960426, 0.33810888252148996, 0.886748844375963, 0.11325115562403698, 0.2345924453280318, 0.6845017608457954, 0.12861337683523655, 0.06831973898858075]"
F1 theo hai công thức khớp nhau,PASS,"F1=0.2151660747858784, F1 trực tiếp=0.21516607478587843"
Toàn bộ metrics hữu hạn,PASS,"metrics=[0.7548450244698206, 0.13770053475935828, 0.4918815663801337, 0.7741280291357333, 0.2258719708642667, 0.2151660747858784, 0.6958512993387037, 0.24404567699836868, 0.06831973898858075]"
F1 theo hai công thức khớp nhau,PASS,"F1=0.23901098901098902, F1 trực tiếp=0.23901098901098902"
Toàn bộ metrics hữu hạn,PASS,"metrics=[0.8553996737357259, 0.1865951742627346, 0.332378223495702, 0.8937526264182659, 0.10624737358173414, 0.23901098901098902, 0.6845017608457954, 0.12169657422512235, 0.06831973898858075]"
F1 theo hai công thức khớp nhau,PASS,"F1=0.21574468085106382, F1 trực tiếp=0.21574468085106382"
Toàn bộ metrics hữu hạn,PASS,"metrics=[0.7594779771615008, 0.1387900355871886, 0.48424068767908307, 0.7796610169491526, 0.22033898305084745, 0.21574468085106382, 0.6958512993387037, 0.23836867862969005, 0.06831973898858075]"
F1 theo hai công thức khớp nhau,PASS,"F1=0.24078803356439257, F1 trực tiếp=0.24078803356439255"
Toàn bộ metrics hữu hạn,PASS,"metrics=[0.8642088091353997, 0.19480519480519481, 0.3151862464183381, 0.9044684129429892, 0.09553158705701079, 0.24078803356439257, 0.6845017608457954, 0.11053833605220229, 0.06831973898858075]"
F1 theo hai công thức khớp nhau,PASS,"F1=0.21581798483206932, F1 trực tiếp=0.21581798483206935"
Toàn bộ metrics hữu hạn,PASS,"metrics=[0.7638499184339315, 0.13957399103139012, 0.47564469914040114, 0.7849838913013027, 0.2150161086986973, 0.21581798483206932, 0.6958512993387037, 0.23282218597063623, 0.06831973898858075]"
F1 theo hai công thức khớp nhau,PASS,"F1=0.24347158218125961, F1 trực tiếp=0.24347158218125961"
Toàn bộ metrics hữu hạn,PASS,"metrics=[0.8714518760195759, 0.2035966602440591, 0.3027698185291309, 0.9131531026754447, 0.08684689732455526, 0.2434715821812596, 0.6845017608457954, 0.10159869494290376, 0.06831973898858075]"
F1 theo hai công thức khớp nhau,PASS,"F1=0.21718061674008809, F1 trực tiếp=0.21718061674008809"
Toàn bộ metrics hữu hạn,PASS,"metrics=[0.7680913539967373, 0.14113942170054394, 0.4708691499522445, 0.7898865387309147, 0.2101134612690853, 0.2171806167400881, 0.6958512993387037, 0.22792822185970638, 0.06831973898858075]"
F1 theo hai công thức khớp nhau,PASS,"F1=0.24989858012170382, F1 trực tiếp=0.24989858012170385"
Toàn bộ metrics hữu hạn,PASS,"metrics=[0.879347471451876, 0.21720733427362482, 0.2941738299904489, 0.9222580193304384, 0.07774198066956156, 0.24989858012170382, 0.6845017608457954, 0.09252854812398043, 0.06831973898858075]"
F1 theo hai công thức khớp nhau,PASS,"F1=0.21907968574635242, F1 trực tiếp=0.21907968574635242"
Toàn bộ metrics hữu hạn,PASS,"metrics=[0.7729853181076672, 0.1431924882629108, 0.46609360076408785, 0.7954895643647569, 0.20451043563524304, 0.21907968574635242, 0.6958512993387037, 0.22238172920065252, 0.06831973898858075]"
F1 theo hai công thức khớp nhau,PASS,"F1=0.24850042844901457, F1 trực tiếp=0.24850042844901457"
Toàn bộ metrics hữu hạn,PASS,"metrics=[0.8855464926590538, 0.22533022533022534, 0.276981852913085, 0.9301722930382407, 0.06982770696175936, 0.24850042844901457, 0.6845017608457954, 0.08398042414355628, 0.06831973898858075]"
F1 theo hai công thức khớp nhau,PASS,"F1=0.22069910897875256, F1 trực tiếp=0.22069910897875258"
Toàn bộ metrics hữu hạn,PASS,"metrics=[0.7774225122349103, 0.14504504504504503, 0.46131805157593125, 0.800602325255638, 0.19939767474436196, 0.22069910897875256, 0.6958512993387037, 0.2172920065252855, 0.06831973898858075]"
F1 theo hai công thức khớp nhau,PASS,"F1=0.24279069767441863, F1 trực tiếp=0.2427906976744186"
Toàn bộ metrics hữu hạn,PASS,"metrics=[0.893768352365416, 0.23662737987307345, 0.2492836676217765, 0.9410281552038101, 0.05897184479618994, 0.24279069767441863, 0.6845017608457954, 0.07197389885807504, 0.06831973898858075]"
F1 theo hai công thức khớp nhau,PASS,"F1=0.22232536551404039, F1 trực tiếp=0.22232536551404039"
Toàn bộ metrics hữu hạn,PASS,"metrics=[0.7813376835236542, 0.1468424279583078, 0.4574976122254059, 0.8050847457627118, 0.19491525423728814, 0.2223253655140404, 0.6958512993387037, 0.2128548123980424, 0.06831973898858075]"
F1 theo hai công thức khớp nhau,PASS,"F1=0.24206930209858465, F1 trực tiếp=0.24206930209858468"
Toàn bộ metrics hữu hạn,PASS,"metrics=[0.8986623164763459, 0.24750499001996007, 0.23686723973256923, 0.9471914834010365, 0.05280851659896344, 0.24206930209858465, 0.6845017608457954, 0.06538336052202284, 0.06831973898858075]"
F1 theo hai công thức khớp nhau,PASS,"F1=0.22295701464336323, F1 trực tiếp=0.22295701464336326"
Toàn bộ metrics hữu hạn,PASS,"metrics=[0.7853181076672104, 0.14810166300596173, 0.45081184336198665, 0.8098473175514778, 0.1901526824485222, 0.22295701464336323, 0.6958512993387037, 0.20796084828711256, 0.06831973898858075]"
F1 theo hai công thức khớp nhau,PASS,"F1=0.2317198764160659, F1 trực tiếp=0.23171987641606592"
Toàn bộ metrics hữu hạn,PASS,"metrics=[0.9026427406199021, 0.25139664804469275, 0.2148997134670487, 0.953074660316571, 0.04692533968342905, 0.2317198764160659, 0.6845017608457954, 0.058401305057096245, 0.06831973898858075]"
F1 theo hai công thức khớp nhau,PASS,"F1=0.22291616622627913, F1 trực tiếp=0.22291616622627913"
Toàn bộ metrics hữu hạn,PASS,"metrics=[0.7889070146818923, 0.14890885750962773, 0.44317096466093603, 0.8142597002381285, 0.1857402997618714, 0.22291616622627913, 0.6958512993387037, 0.2033278955954323, 0.06831973898858075]"
F1 theo hai công thức khớp nhau,PASS,"F1=0.22734761120263589, F1 trực tiếp=0.22734761120263591"
Toàn bộ metrics hữu hạn,PASS,"metrics=[0.908189233278956, 0.26744186046511625, 0.1977077363896848, 0.9602885558201428, 0.03971144417985712, 0.22734761120263589, 0.6845017608457954, 0.050505709624796086, 0.06831973898858075]"
F1 theo hai công thức khớp nhau,PASS,"F1=0.22390613541921292, F1 trực tiếp=0.22390613541921289"
Toàn bộ metrics hữu hạn,PASS,"metrics=[0.7928221859706363, 0.1504599211563732, 0.437440305635148, 0.8188821963860484, 0.18111780361395152, 0.22390613541921292, 0.6958512993387037, 0.19862969004893963, 0.06831973898858075]"
F1 theo hai công thức khớp nhau,PASS,"F1=0.22005730659025791, F1 trực tiếp=0.22005730659025788"
Toàn bộ metrics hữu hạn,PASS,"metrics=[0.9111908646003263, 0.27507163323782235, 0.1833810888252149, 0.9645608628659477, 0.03543913713405239, 0.2200573065902579, 0.6845017608457954, 0.04554649265905383, 0.06831973898858075]"
F1 theo hai công thức khớp nhau,PASS,"F1=0.22420193021529328, F1 trực tiếp=0.22420193021529325"
Toàn bộ metrics hữu hạn,PASS,"metrics=[0.7954323001631322, 0.15130260521042085, 0.4326647564469914, 0.8220338983050848, 0.17796610169491525, 0.22420193021529328, 0.6958512993387037, 0.19536704730831975, 0.06831973898858075]"
F1 theo hai công thức khớp nhau,PASS,"F1=0.20818291215403129, F1 trực tiếp=0.20818291215403129"
Toàn bộ metrics hữu hạn,PASS,"metrics=[0.9141272430668842, 0.2813008130081301, 0.16523400191021967, 0.9690432833730215, 0.03095671662697857, 0.20818291215403129, 0.6845017608457954, 0.04013050570962479, 0.06831973898858075]"
F1 theo hai công thức khớp nhau,PASS,"F1=0.22445898339204831, F1 trực tiếp=0.22445898339204831"
Toàn bộ metrics hữu hạn,PASS,"metrics=[0.7988907014681892, 0.15237444482405194, 0.4259789875835721, 0.8262361675304665, 0.17376383246953356, 0.2244589833920483, 0.6958512993387037, 0.19099510603588907, 0.06831973898858075]"
F1 theo hai công thức khớp nhau,PASS,"F1=0.19899874843554446, F1 trực tiếp=0.19899874843554444"
Toàn bộ metrics hữu hạn,PASS,"metrics=[0.9164763458401305, 0.2885662431941924, 0.1518624641833811, 0.9725451743941729, 0.027454825605827148, 0.19899874843554446, 0.6845017608457954, 0.03595432300163132, 0.06831973898858075]"
F1 theo hai công thức khớp nhau,PASS,"F1=0.22415557830092123, F1 trực tiếp=0.2241555783009212"
Toàn bộ metrics hữu hạn,PASS,"metrics=[0.8021533442088091, 0.15309332401258302, 0.4183381088825215, 0.8302983611150021, 0.1697016388849979, 0.22415557830092123, 0.6958512993387037, 0.1866884176182708, 0.06831973898858075]"
F1 theo hai công thức khớp nhau,PASS,"F1=0.1940874035989717, F1 trực tiếp=0.19408740359897173"
Toàn bộ metrics hữu hạn,PASS,"metrics=[0.9181729200652529, 0.2966601178781925, 0.14422158548233047, 0.9749264602885558, 0.02507353971144418, 0.1940874035989717, 0.6845017608457954, 0.033213703099510605, 0.06831973898858075]"
F1 theo hai công thức khớp nhau,PASS,"F1=0.22424557752341312, F1 trực tiếp=0.22424557752341312"
Toàn bộ metrics hữu hạn,PASS,"metrics=[0.8054159869494291, 0.15409367179120487, 0.41165234001910217, 0.8342905168791147, 0.16570948312088526, 0.22424557752341312, 0.6958512993387037, 0.18251223491027732, 0.06831973898858075]"
F1 theo hai công thức khớp nhau,PASS,"F1=0.19291338582677164, F1 trực tiếp=0.19291338582677164"
Toàn bộ metrics hữu hạn,PASS,"metrics=[0.9197389885807504, 0.3081761006289308, 0.14040114613180515, 0.9768875192604006, 0.023112480739599383, 0.19291338582677164, 0.6845017608457954, 0.031125611745513867, 0.06831973898858075]"
F1 theo hai công thức khớp nhau,PASS,"F1=0.22433359725521246, F1 trực tiếp=0.22433359725521246"
Toàn bộ metrics hữu hạn,PASS,"metrics=[0.8082218597063622, 0.1549963530269876, 0.4059216809933142, 0.8377223700798431, 0.16227762992015687, 0.22433359725521246, 0.6958512993387037, 0.17892332789559542, 0.06831973898858075]"
F1 theo hai công thức khớp nhau,PASS,"F1=0.17922606924643583, F1 trực tiếp=0.17922606924643583"
Toàn bộ metrics hữu hạn,PASS,"metrics=[0.9211092985318108, 0.30985915492957744, 0.12607449856733524, 0.9794088807956296, 0.02059111920437036, 0.17922606924643583, 0.6845017608457954, 0.027797716150081565, 0.06831973898858075]"
F1 theo hai công thức khớp nhau,PASS,"F1=0.22477923468022479, F1 trực tiếp=0.22477923468022479"
Toàn bộ metrics hữu hạn,PASS,"metrics=[0.8109624796084829, 0.15613382899628253, 0.40114613180515757, 0.8410141476397255, 0.15898585236027454, 0.2247792346802248, 0.6958512993387037, 0.17553017944535074, 0.06831973898858075]"
F1 theo hai công thức khớp nhau,PASS,"F1=0.16979819067501739, F1 trực tiếp=0.16979819067501739"
Toàn bộ metrics hữu hạn,PASS,"metrics=[0.9221533442088091, 0.3128205128205128, 0.11652340019102196, 0.9812298641266284, 0.018770135873371622, 0.1697981906750174, 0.6845017608457954, 0.025448613376835235, 0.06831973898858075]"
F1 theo hai công thức khớp nhau,PASS,"F1=0.22488429077048733, F1 trực tiếp=0.22488429077048733"
Toàn bộ metrics hữu hạn,PASS,"metrics=[0.8142251223491028, 0.15727341964965727, 0.3944603629417383, 0.8450063034038381, 0.15499369659616194, 0.22488429077048733, 0.6958512993387037, 0.17135399673735727, 0.06831973898858075]"
F1 theo hai công thức khớp nhau,PASS,"F1=0.16005767844268204, F1 trực tiếp=0.16005767844268204"
Toàn bộ metrics hữu hạn,PASS,"metrics=[0.9239804241435563, 0.3264705882352941, 0.10601719197707736, 0.9839613391231264, 0.01603866087687351, 0.16005767844268204, 0.6845017608457954, 0.022185970636215333, 0.06831973898858075]"
F1 theo hai công thức khớp nhau,PASS,"F1=0.22542232068679038, F1 trực tiếp=0.22542232068679036"
Toàn bộ metrics hữu hạn,PASS,"metrics=[0.8174877650897227, 0.15873634945397816, 0.38872970391595035, 0.8489284213475277, 0.15107157865247234, 0.22542232068679038, 0.6958512993387037, 0.16730831973898858, 0.06831973898858075]"
F1 theo hai công thức khớp nhau,PASS,"F1=0.15158204562178068, F1 trực tiếp=0.15158204562178071"
Toàn bộ metrics hữu hạn,PASS,"metrics=[0.924763458401305, 0.3301282051282051, 0.09837631327602674, 0.985362095531587, 0.014637904468412942, 0.15158204562178068, 0.6845017608457954, 0.02035889070146819, 0.06831973898858075]"
F1 theo hai công thức khớp nhau,PASS,"F1=0.2247191011235955, F1 trực tiếp=0.2247191011235955"
Toàn bộ metrics hữu hạn,PASS,"metrics=[0.8199021207177815, 0.15917230401910068, 0.38204393505253104, 0.8520100854461409, 0.1479899145538591, 0.2247191011235955, 0.6958512993387037, 0.1639804241435563, 0.06831973898858075]"
F1 theo hai công thức khớp nhau,PASS,"F1=0.14681647940074907, F1 trực tiếp=0.14681647940074907"
Toàn bộ metrics hữu hạn,PASS,"metrics=[0.9256769983686787, 0.3402777777777778, 0.0936007640878701, 0.9866928141196246, 0.013307185880375402, 0.14681647940074907, 0.6845017608457954, 0.018792822185970635, 0.06831973898858075]"
F1 theo hai công thức khớp nhau,PASS,"F1=0.2260176487332764, F1 trực tiếp=0.2260176487332764"
Toàn bộ metrics hữu hạn,PASS,"metrics=[0.8225774877650898, 0.16098945660989455, 0.37917860553963706, 0.8550917495447542, 0.14490825045524583, 0.2260176487332764, 0.6958512993387037, 0.16091353996737356, 0.06831973898858075]"
F1 theo hai công thức khớp nhau,PASS,"F1=0.14078041315990819, F1 trực tiếp=0.14078041315990819"
Toàn bộ metrics hữu hạn,PASS,"metrics=[0.926721044045677, 0.35384615384615387, 0.08787010506208214, 0.9882336461689312, 0.011766353831068777, 0.1407804131599082, 0.6845017608457954, 0.016965742251223492, 0.06831973898858075]"
F1 theo hai công thức khớp nhau,PASS,"F1=0.22588099364529174, F1 trực tiếp=0.22588099364529174"
Toàn bộ metrics hữu hạn,PASS,"metrics=[0.8251223491027733, 0.1619047619047619, 0.3734479465138491, 0.8582434514637904, 0.14175654853620956, 0.22588099364529174, 0.6958512993387037, 0.15758564437194128, 0.06831973898858075]"
F1 theo hai công thức khớp nhau,PASS,"F1=0.1192368839427663, F1 trực tiếp=0.1192368839427663"
Toàn bộ metrics hữu hạn,PASS,"metrics=[0.927699836867863, 0.35545023696682465, 0.07163323782234957, 0.9904748564224681, 0.009525143577531868, 0.1192368839427663, 0.6845017608457954, 0.013768352365415987, 0.06831973898858075]"
F1 theo hai công thức khớp nhau,PASS,"F1=0.22736595370641666, F1 trực tiếp=0.22736595370641663"
Toàn bộ metrics hữu hạn,PASS,"metrics=[0.8279282218597064, 0.16398985629754861, 0.37058261700095513, 0.8614651912032497, 0.13853480879675026, 0.22736595370641666, 0.6958512993387037, 0.15438825448613377, 0.06831973898858075]"
F1 theo hai công thức khớp nhau,PASS,"F1=0.10705596107055962, F1 trực tiếp=0.1070559610705596"
Toàn bộ metrics hữu hạn,PASS,"metrics=[0.9281566068515498, 0.3548387096774194, 0.06303724928366762, 0.9915954615492366, 0.008404538450763412, 0.10705596107055962, 0.6845017608457954, 0.012137030995106036, 0.06831973898858075]"
F1 theo hai công thức khớp nhau,PASS,"F1=0.22711058263971462, F1 trực tiếp=0.22711058263971462"
Toàn bộ metrics hữu hạn,PASS,"metrics=[0.8303425774877651, 0.16486836426413465, 0.3648519579751671, 0.86447681748144, 0.13552318251856002, 0.22711058263971462, 0.6958512993387037, 0.15119086460032627, 0.06831973898858075]"
F1 theo hai công thức khớp nhau,PASS,"F1=0.10024650780608052, F1 trực tiếp=0.10024650780608052"
Toàn bộ metrics hữu hạn,PASS,"metrics=[0.9285481239804242, 0.3588235294117647, 0.05826170009551098, 0.9923658775738899, 0.0076341224261101, 0.10024650780608052, 0.6845017608457954, 0.011092985318107667, 0.06831973898858075]"
F1 theo hai công thức khớp nhau,PASS,"F1=0.2273276904474002, F1 trực tiếp=0.22732769044740025"
Toàn bộ metrics hữu hạn,PASS,"metrics=[0.8332137030995106, 0.16629809818664307, 0.35912129894937916, 0.8679787085025914, 0.1320212914974086, 0.2273276904474002, 0.6958512993387037, 0.14753670473083197, 0.06831973898858075]"
F1 theo hai công thức khớp nhau,PASS,"F1=0.074829931972789115, F1 trực tiếp=0.074829931972789115"
Toàn bộ metrics hữu hạn,PASS,"metrics=[0.9290048939641109, 0.34108527131782945, 0.04202483285577841, 0.9940467852640426, 0.005953214735957417, 0.07482993197278912, 0.6845017608457954, 0.008417618270799348, 0.06831973898858075]"
F1 theo hai công thức khớp nhau,PASS,"F1=0.22597482345716915, F1 trực tiếp=0.22597482345716918"
Toàn bộ metrics hữu hạn,PASS,"metrics=[0.8354975530179445, 0.1665158371040724, 0.35148042024832854, 0.8709903347807816, 0.1290096652192184, 0.22597482345716915, 0.6958512993387037, 0.14420880913539968, 0.06831973898858075]"
F1 theo hai công thức khớp nhau,PASS,"F1=0.060816681146828845, F1 trực tiếp=0.060816681146828845"
Toàn bộ metrics hữu hạn,PASS,"metrics=[0.9294616639477977, 0.33653846153846156, 0.033428844317096466, 0.995167390390811, 0.004832609609188962, 0.060816681146828845, 0.6845017608457954, 0.006786296900489396, 0.06831973898858075]"
F1 theo hai công thức khớp nhau,PASS,"F1=0.22795031055900619, F1 trực tiếp=0.22795031055900622"
Toàn bộ metrics hữu hạn,PASS,"metrics=[0.8377814029363785, 0.1688909341923608, 0.35052531041069723, 0.8735116963160107, 0.12648830368398936, 0.2279503105590062, 0.6958512993387037, 0.14179445350734093, 0.06831973898858075]"
F1 theo hai công thức khớp nhau,PASS,"F1=0.05272407732864675, F1 trực tiếp=0.05272407732864675"
Toàn bộ metrics hữu hạn,PASS,"metrics=[0.9296574225122349, 0.32967032967032966, 0.02865329512893983, 0.9957276929541953, 0.0042723070458047345, 0.05272407732864675, 0.6845017608457954, 0.005938009787928222, 0.06831973898858075]"
F1 theo hai công thức khớp nhau,PASS,"F1=0.22867972204674672, F1 trực tiếp=0.22867972204674669"
Toàn bộ metrics hữu hạn,PASS,"metrics=[0.840652528548124, 0.1708352996696555, 0.3457497612225406, 0.876943549516739, 0.12305645048326096, 0.22867972204674672, 0.6958512993387037, 0.13827079934747144, 0.06831973898858075]"
F1 theo hai công thức khớp nhau,PASS,"F1=0.046181172291296618, F1 trực tiếp=0.046181172291296625"
Toàn bộ metrics hữu hạn,PASS,"metrics=[0.9299184339314845, 0.3291139240506329, 0.024832855778414518, 0.9962879955175795, 0.0037120044824205073, 0.04618117229129662, 0.6845017608457954, 0.0051549755301794455, 0.06831973898858075]"
F1 theo hai công thức khớp nhau,PASS,"F1=0.22970805261469365, F1 trực tiếp=0.22970805261469363"
Toàn bộ metrics hữu hạn,PASS,"metrics=[0.8433278955954323, 0.17294685990338166, 0.3419293218720153, 0.8800952514357753, 0.11990474856422469, 0.22970805261469365, 0.6958512993387037, 0.13507340946166393, 0.06831973898858075]"
F1 theo hai công thức khớp nhau,PASS,"F1=0.037803780378037805, F1 trực tiếp=0.037803780378037805"
Toàn bộ metrics hữu hạn,PASS,"metrics=[0.9302446982055464, 0.328125, 0.02005730659025788, 0.9969883737218098, 0.003011626278190223, 0.037803780378037805, 0.6845017608457954, 0.004176182707993475, 0.06831973898858075]"
F1 theo hai công thức khớp nhau,PASS,"F1=0.22946544980443284, F1 trực tiếp=0.22946544980443284"
Toàn bộ metrics hữu hạn,PASS,"metrics=[0.845742251223491, 0.17417120237506184, 0.3361986628462273, 0.8831068777139656, 0.11689312228603446, 0.22946544980443284, 0.6958512993387037, 0.13187601957585646, 0.06831973898858075]"
F1 theo hai công thức khớp nhau,PASS,"F1=0.029143897996357013, F1 trực tiếp=0.029143897996357013"
Toàn bộ metrics hữu hạn,PASS,"metrics=[0.9304404567699837, 0.3137254901960784, 0.015281757402101241, 0.9975486762851941, 0.0024513237148059953, 0.029143897996357013, 0.6845017608457954, 0.0033278955954323002, 0.06831973898858075]"
F1 theo hai công thức khớp nhau,PASS,"F1=0.23043908880818753, F1 trực tiếp=0.23043908880818753"
Toàn bộ metrics hữu hạn,PASS,"metrics=[0.8478955954323002, 0.17608476286579214, 0.3333333333333333, 0.8856282392491945, 0.11437176075080543, 0.23043908880818753, 0.6958512993387037, 0.12933115823817293, 0.06831973898858075]"
F1 theo hai công thức khớp nhau,PASS,"F1=0.027447392497712716, F1 trực tiếp=0.027447392497712716"
Toàn bộ metrics hữu hạn,PASS,"metrics=[0.9306362153344209, 0.32608695652173914, 0.014326647564469915, 0.9978288275668861, 0.0021711724331138814, 0.027447392497712716, 0.6845017608457954, 0.00300163132137031, 0.06831973898858075]"
F1 theo hai công thức khớp nhau,PASS,"F1=0.22960725075528698, F1 trực tiếp=0.22960725075528701"
Toàn bộ metrics hữu hạn,PASS,"metrics=[0.8502446982055465, 0.17701863354037267, 0.32664756446991405, 0.8886398655273848, 0.11136013447261521, 0.22960725075528698, 0.6958512993387037, 0.12606851549755302, 0.06831973898858075]"
F1 theo hai công thức khớp nhau,PASS,"F1=0.025664527956003668, F1 trực tiếp=0.025664527956003668"
Toàn bộ metrics hữu hạn,PASS,"metrics=[0.9306362153344209, 0.3181818181818182, 0.013371537726838587, 0.9978988653873091, 0.002101134612690853, 0.025664527956003668, 0.6845017608457954, 0.002871125611745514, 0.06831973898858075]"
F1 theo hai công thức khớp nhau,PASS,"F1=0.2294636795655125, F1 trực tiếp=0.22946367956551256"
Toàn bộ metrics hữu hạn,PASS,"metrics=[0.8518760195758565, 0.1779884149552396, 0.3228271251193887, 0.8906709623196526, 0.1093290376803474, 0.2294636795655125, 0.6958512993387037, 0.12391517128874388, 0.06831973898858075]"
F1 theo hai công thức khớp nhau,PASS,"F1=0.025688073394495414, F1 trực tiếp=0.025688073394495414"
Toàn bộ metrics hữu hạn,PASS,"metrics=[0.9307014681892333, 0.32558139534883723, 0.013371537726838587, 0.9979689032077321, 0.0020310967922678247, 0.025688073394495414, 0.6845017608457954, 0.0028058727569331156, 0.06831973898858075]"
F1 theo hai công thức khớp nhau,PASS,"F1=0.2274914089347079, F1 trực tiếp=0.2274914089347079"
Toàn bộ metrics hữu hạn,PASS,"metrics=[0.8533115823817292, 0.17767042404723565, 0.31614135625596945, 0.8927020591119205, 0.10729794088807956, 0.2274914089347079, 0.6958512993387037, 0.12156606851549755, 0.06831973898858075]"
F1 theo hai công thức khớp nhau,PASS,"F1=0.023919043238270467, F1 trực tiếp=0.02391904323827047"
Toàn bộ metrics hữu hạn,PASS,"metrics=[0.9307667210440457, 0.325, 0.012416427889207259, 0.9981089788485782, 0.0018910211514217678, 0.023919043238270467, 0.6845017608457954, 0.0026101141924959217, 0.06831973898858075]"
F1 theo hai công thức khớp nhau,PASS,"F1=0.22592978797358357, F1 trực tiếp=0.2259297879735836"
Toàn bộ metrics hữu hạn,PASS,"metrics=[0.8546818923327896, 0.17759562841530055, 0.3104106972301815, 0.8945930802633422, 0.10540691973665779, 0.22592978797358357, 0.6958512993387037, 0.11941272430668842, 0.06831973898858075]"
F1 theo hai công thức khớp nhau,PASS,"F1=0.023963133640552997, F1 trực tiếp=0.023963133640552997"
Toàn bộ metrics hữu hạn,PASS,"metrics=[0.9308972267536705, 0.34210526315789475, 0.012416427889207259, 0.9982490544894242, 0.001750945510575711, 0.023963133640552997, 0.6845017608457954, 0.002479608482871126, 0.06831973898858075]"
F1 theo hai công thức khớp nhau,PASS,"F1=0.22629538244624603, F1 trực tiếp=0.22629538244624603"
Toàn bộ metrics hữu hạn,PASS,"metrics=[0.8567699836867863, 0.1793296089385475, 0.30659025787965616, 0.8971144417985712, 0.10288555820142878, 0.22629538244624603, 0.6958512993387037, 0.11680261011419249, 0.06831973898858075]"
F1 theo hai công thức khớp nhau,PASS,"F1=0.024029574861367836, F1 trực tiếp=0.024029574861367836"
Toàn bộ metrics hữu hạn,PASS,"metrics=[0.9310929853181077, 0.37142857142857144, 0.012416427889207259, 0.9984591679506933, 0.0015408320493066256, 0.024029574861367836, 0.6845017608457954, 0.0022838499184339315, 0.06831973898858075]"
F1 theo hai công thức khớp nhau,PASS,"F1=0.22728892055575345, F1 trực tiếp=0.22728892055575348"
Toàn bộ metrics hữu hạn,PASS,"metrics=[0.8584665579119086, 0.18125, 0.3046800382043935, 0.899075500770416, 0.10092449922958398, 0.22728892055575345, 0.6958512993387037, 0.11484502446982056, 0.06831973898858075]"
F1 theo hai công thức khớp nhau,PASS,"F1=0.022201665124884366, F1 trực tiếp=0.022201665124884366"
Toàn bộ metrics hữu hạn,PASS,"metrics=[0.9310277324632953, 0.35294117647058826, 0.011461318051575931, 0.9984591679506933, 0.0015408320493066256, 0.022201665124884366, 0.6845017608457954, 0.0022185970636215335, 0.06831973898858075]"
F1 theo hai công thức khớp nhau,PASS,"F1=0.22776572668112802, F1 trực tiếp=0.22776572668112799"
Toàn bộ metrics hữu hạn,PASS,"metrics=[0.8606199021207178, 0.18324607329842932, 0.3008595988538682, 0.9016669001260681, 0.09833309987393192, 0.22776572668112802, 0.6958512993387037, 0.11216965742251224, 0.06831973898858075]"
F1 theo hai công thức khớp nhau,PASS,"F1=0.022222222222222223, F1 trực tiếp=0.022222222222222223"
Toàn bộ metrics hữu hạn,PASS,"metrics=[0.9310929853181077, 0.36363636363636365, 0.011461318051575931, 0.9985292057711164, 0.001470794228883597, 0.022222222222222223, 0.6845017608457954, 0.0021533442088091355, 0.06831973898858075]"
F1 theo hai công thức khớp nhau,PASS,"F1=0.22800586510263932, F1 trực tiếp=0.22800586510263929"
Toàn bộ metrics hữu hạn,PASS,"metrics=[0.8625774877650897, 0.18500892325996432, 0.29703915950334286, 0.904048186020451, 0.09595181397954895, 0.22800586510263932, 0.6958512993387037, 0.10969004893964111, 0.06831973898858075]"
F1 theo hai công thức khớp nhau,PASS,"F1=0.022222222222222223, F1 trực tiếp=0.022222222222222223"
Toàn bộ metrics hữu hạn,PASS,"metrics=[0.9310929853181077, 0.36363636363636365, 0.011461318051575931, 0.9985292057711164, 0.001470794228883597, 0.022222222222222223, 0.6845017608457954, 0.0021533442088091355, 0.06831973898858075]"
F1 theo hai công thức khớp nhau,PASS,"F1=0.22759390107846783, F1 trực tiếp=0.22759390107846783"
Toàn bộ metrics hữu hạn,PASS,"metrics=[0.8644698205546493, 0.18635809987819732, 0.2922636103151863, 0.906429471914834, 0.09357052808516599, 0.22759390107846783, 0.6958512993387037, 0.10714518760195758, 0.06831973898858075]"
F1 theo hai công thức khớp nhau,PASS,"F1=0.022242817423540315, F1 trực tiếp=0.022242817423540315"
Toàn bộ metrics hữu hạn,PASS,"metrics=[0.9311582381729201, 0.375, 0.011461318051575931, 0.9985992435915394, 0.0014007564084605687, 0.022242817423540315, 0.6845017608457954, 0.0020880913539967376, 0.06831973898858075]"
F1 theo hai công thức khớp nhau,PASS,"F1=0.22773393461104846, F1 trực tiếp=0.22773393461104849"
Toàn bộ metrics hữu hạn,PASS,"metrics=[0.865905383360522, 0.18773234200743494, 0.28939828080229224, 0.9081804174254097, 0.09181958257459027, 0.22773393461104846, 0.6958512993387037, 0.10531810766721043, 0.06831973898858075]"
F1 theo hai công thức khớp nhau,PASS,"F1=0.022242817423540315, F1 trực tiếp=0.022242817423540315"
Toàn bộ metrics hữu hạn,PASS,"metrics=[0.9311582381729201, 0.375, 0.011461318051575931, 0.9985992435915394, 0.0014007564084605687, 0.022242817423540315, 0.6845017608457954, 0.0020880913539967376, 0.06831973898858075]"
F1 theo hai công thức khớp nhau,PASS,"F1=0.22892025944296066, F1 trực tiếp=0.22892025944296071"
Toàn bộ metrics hữu hạn,PASS,"metrics=[0.8681239804241435, 0.1905972045743329, 0.28653295128939826, 0.9107718167810618, 0.08922818321893823, 0.22892025944296066, 0.6958512993387037, 0.10270799347471452, 0.06831973898858075]"
F1 theo hai công thức khớp nhau,PASS,"F1=0.020446096654275089, F1 trực tiếp=0.020446096654275093"
Toàn bộ metrics hữu hạn,PASS,"metrics=[0.9312234910277325, 0.3793103448275862, 0.010506208213944603, 0.9987393192323855, 0.0012606807676145118, 0.02044609665427509, 0.6845017608457954, 0.0018923327895595432, 0.06831973898858075]"
F1 theo hai công thức khớp nhau,PASS,"F1=0.22505800464037123, F1 trực tiếp=0.22505800464037123"
Toàn bộ metrics hữu hạn,PASS,"metrics=[0.8692332789559544, 0.18908382066276802, 0.27793696275071633, 0.9125928001120606, 0.08740719988793949, 0.22505800464037123, 0.6958512993387037, 0.10042414355628058, 0.06831973898858075]"
F1 theo hai công thức khớp nhau,PASS,"F1=0.020503261882572225, F1 trực tiếp=0.020503261882572229"
Toàn bộ metrics hữu hạn,PASS,"metrics=[0.9314192495921697, 0.4230769230769231, 0.010506208213944603, 0.9989494326936545, 0.0010505673063454265, 0.020503261882572225, 0.6845017608457954, 0.001696574225122349, 0.06831973898858075]"
F1 theo hai công thức khớp nhau,PASS,"F1=0.2277886497064579, F1 trực tiếp=0.22778864970645793"
Toàn bộ metrics hữu hạn,PASS,"metrics=[0.8712561174551386, 0.1929708222811671, 0.27793696275071633, 0.9147639725451744, 0.0852360274548256, 0.2277886497064579, 0.6958512993387037, 0.09840130505709625, 0.06831973898858075]"
F1 theo hai công thức khớp nhau,PASS,"F1=0.018709073900841908, F1 trực tiếp=0.018709073900841908"
Toàn bộ metrics hữu hạn,PASS,"metrics=[0.9315497553017944, 0.45454545454545453, 0.009551098376313277, 0.9991595461549236, 0.0008404538450763413, 0.018709073900841908, 0.6845017608457954, 0.001435562805872757, 0.06831973898858075]"
F1 theo hai công thức khớp nhau,PASS,"F1=0.22601110229976212, F1 trực tiếp=0.2260111022997621"
Toàn bộ metrics hữu hạn,PASS,"metrics=[0.872626427406199, 0.19322033898305085, 0.2722063037249284, 0.9166549936965962, 0.08334500630340384, 0.22601110229976212, 0.6958512993387037, 0.09624796084828711, 0.06831973898858075]"
F1 theo hai công thức khớp nhau,PASS,"F1=0.018709073900841908, F1 trực tiếp=0.018709073900841908"
Toàn bộ metrics hữu hạn,PASS,"metrics=[0.9315497553017944, 0.45454545454545453, 0.009551098376313277, 0.9991595461549236, 0.0008404538450763413, 0.018709073900841908, 0.6845017608457954, 0.001435562805872757, 0.06831973898858075]"
F1 theo hai công thức khớp nhau,PASS,"F1=0.22641509433962262, F1 trực tiếp=0.22641509433962265"
Toàn bộ metrics hữu hạn,PASS,"metrics=[0.874257748776509, 0.19529085872576177, 0.2693409742120344, 0.9186160526684409, 0.08138394733155904, 0.22641509433962262, 0.6958512993387037, 0.09422512234910277, 0.06831973898858075]"
F1 theo hai công thức khớp nhau,PASS,"F1=0.018726591760299626, F1 trực tiếp=0.018726591760299626"
Toàn bộ metrics hữu hạn,PASS,"metrics=[0.9316150081566068, 0.47619047619047616, 0.009551098376313277, 0.9992295839753467, 0.0007704160246533128, 0.018726591760299626, 0.6845017608457954, 0.0013703099510603588, 0.06831973898858075]"
F1 theo hai công thức khớp nhau,PASS,"F1=0.2271062271062271, F1 trực tiếp=0.2271062271062271"
Toàn bộ metrics hữu hạn,PASS,"metrics=[0.8760848287112561, 0.19787234042553192, 0.2664756446991404, 0.9207872251015549, 0.07921277489844517, 0.2271062271062271, 0.6958512993387037, 0.09200652528548124, 0.06831973898858075]"
F1 theo hai công thức khớp nhau,PASS,"F1=0.018726591760299626, F1 trực tiếp=0.018726591760299626"
Toàn bộ metrics hữu hạn,PASS,"metrics=[0.9316150081566068, 0.47619047619047616, 0.009551098376313277, 0.9992295839753467, 0.0007704160246533128, 0.018726591760299626, 0.6845017608457954, 0.0013703099510603588, 0.06831973898858075]"
Có common threshold thỏa alert rate của cả hai model,PASS,số candidate hợp lệ=37
Lần chạy official tự động chọn common threshold bằng F1 trên validation,PASS,"run_tag=official, threshold_mode=AUTO_VALIDATION"
"Threshold thử thủ công của validation nằm trong [0, 1]",PASS,"thresholds=[0.09, 0.094, 0.1]"
F1 theo hai công thức khớp nhau,PASS,"F1=0.22069910897875256, F1 trực tiếp=0.22069910897875258"
Toàn bộ metrics hữu hạn,PASS,"metrics=[0.7774225122349103, 0.14504504504504503, 0.46131805157593125, 0.800602325255638, 0.19939767474436196, 0.22069910897875256, 0.6958512993387037, 0.2172920065252855, 0.06831973898858075]"
F1 theo hai công thức khớp nhau,PASS,"F1=0.24279069767441863, F1 trực tiếp=0.2427906976744186"
Toàn bộ metrics hữu hạn,PASS,"metrics=[0.893768352365416, 0.23662737987307345, 0.2492836676217765, 0.9410281552038101, 0.05897184479618994, 0.24279069767441863, 0.6845017608457954, 0.07197389885807504, 0.06831973898858075]"
F1 theo hai công thức khớp nhau,PASS,"F1=0.22390613541921292, F1 trực tiếp=0.22390613541921289"
Toàn bộ metrics hữu hạn,PASS,"metrics=[0.7928221859706363, 0.1504599211563732, 0.437440305635148, 0.8188821963860484, 0.18111780361395152, 0.22390613541921292, 0.6958512993387037, 0.19862969004893963, 0.06831973898858075]"
F1 theo hai công thức khớp nhau,PASS,"F1=0.22005730659025791, F1 trực tiếp=0.22005730659025788"
Toàn bộ metrics hữu hạn,PASS,"metrics=[0.9111908646003263, 0.27507163323782235, 0.1833810888252149, 0.9645608628659477, 0.03543913713405239, 0.2200573065902579, 0.6845017608457954, 0.04554649265905383, 0.06831973898858075]"
F1 theo hai công thức khớp nhau,PASS,"F1=0.22477923468022479, F1 trực tiếp=0.22477923468022479"
Toàn bộ metrics hữu hạn,PASS,"metrics=[0.8109624796084829, 0.15613382899628253, 0.40114613180515757, 0.8410141476397255, 0.15898585236027454, 0.2247792346802248, 0.6958512993387037, 0.17553017944535074, 0.06831973898858075]"
F1 theo hai công thức khớp nhau,PASS,"F1=0.16979819067501739, F1 trực tiếp=0.16979819067501739"
Toàn bộ metrics hữu hạn,PASS,"metrics=[0.9221533442088091, 0.3128205128205128, 0.11652340019102196, 0.9812298641266284, 0.018770135873371622, 0.1697981906750174, 0.6845017608457954, 0.025448613376835235, 0.06831973898858075]"
F1 theo hai công thức khớp nhau,PASS,"F1=0.22390613541921292, F1 trực tiếp=0.22390613541921289"
Toàn bộ metrics hữu hạn,PASS,"metrics=[0.7928221859706363, 0.1504599211563732, 0.437440305635148, 0.8188821963860484, 0.18111780361395152, 0.22390613541921292, 0.6958512993387037, 0.19862969004893963, 0.06831973898858075]"
Confusion matrix Logistic Regression bằng số dòng tập đánh giá,PASS,"TP+TN+FP+FN=15325, số dòng=15325"
TP+FN Logistic Regression bằng số late thật,PASS,TP+FN=1047
TN+FP Logistic Regression bằng số not late thật,PASS,TN+FP=14278
TP+FP Logistic Regression bằng số order được cảnh báo,PASS,"TP+FP=3044, cảnh báo=3044"
TN+FN Logistic Regression bằng số order không được cảnh báo,PASS,"TN+FN=12281, không cảnh báo=12281"
F1 theo hai công thức khớp nhau,PASS,"F1=0.22005730659025791, F1 trực tiếp=0.22005730659025788"
Toàn bộ metrics hữu hạn,PASS,"metrics=[0.9111908646003263, 0.27507163323782235, 0.1833810888252149, 0.9645608628659477, 0.03543913713405239, 0.2200573065902579, 0.6845017608457954, 0.04554649265905383, 0.06831973898858075]"
Confusion matrix Random Forest bằng số dòng tập đánh giá,PASS,"TP+TN+FP+FN=15325, số dòng=15325"
TP+FN Random Forest bằng số late thật,PASS,TP+FN=1047
TN+FP Random Forest bằng số not late thật,PASS,TN+FP=14278
TP+FP Random Forest bằng số order được cảnh báo,PASS,"TP+FP=698, cảnh báo=698"
TN+FN Random Forest bằng số order không được cảnh báo,PASS,"TN+FN=14627, không cảnh báo=14627"
Validation Logistic Regression khớp bảng candidate được chọn,PASS,model=Logistic Regression
Validation Random Forest khớp bảng candidate được chọn,PASS,model=Random Forest
Common threshold chỉ được chọn từ validation,PASS,"threshold=0.094, mode=AUTO_VALIDATION"
Model demo chỉ được chọn từ metrics validation,PASS,"model=Logistic Regression, tie-break=F1/Recall/Precision/AUC/tên cố định"
train_full có đủ hai class để xác định baseline,PASS,"counts=[{'is_late': 0.0, 'count': 72106}, {'is_late': 1.0, 'count': 5273}]"
F1 theo hai công thức khớp nhau,PASS,"F1=0, F1 trực tiếp=0"
Toàn bộ metrics hữu hạn,PASS,"metrics=[0.9339479335812687, 0.0, 0.0, 1.0, 0.0, 0.0, 0.5, 0.0, 0.06605206641873133]"
Confusion matrix Baseline majority class bằng số dòng tập đánh giá,PASS,"TP+TN+FP+FN=19091, số dòng=19091"
TP+FN Baseline majority class bằng số late thật,PASS,TP+FN=1261
TN+FP Baseline majority class bằng số not late thật,PASS,TN+FP=17830
TP+FP Baseline majority class bằng số order được cảnh báo,PASS,"TP+FP=0, cảnh báo=0"
TN+FN Baseline majority class bằng số order không được cảnh báo,PASS,"TN+FN=19091, không cảnh báo=19091"
AUC baseline test bằng 0.5,PASS,AUC=0.5
Preprocessing train_full giữ nguyên số dòng,PASS,"trước=77379, sau=77379"
Metadata có tên cho toàn bộ transformed feature,PASS,"num_attrs=141, số tên=141"
Test preprocessing giữ nguyên số dòng,PASS,"trước=19091, sau=19091"
F1 theo hai công thức khớp nhau,PASS,"F1=0.21388512860181785, F1 trực tiếp=0.21388512860181783"
Toàn bộ metrics hữu hạn,PASS,"metrics=[0.7870724425121786, 0.14143222506393863, 0.43854084060269627, 0.8117218171620864, 0.18827818283791362, 0.21388512860181785, 0.7018961350991807, 0.20480854853072128, 0.06605206641873133]"
Confusion matrix Logistic Regression bằng số dòng tập đánh giá,PASS,"TP+TN+FP+FN=19091, số dòng=19091"
TP+FN Logistic Regression bằng số late thật,PASS,TP+FN=1261
TN+FP Logistic Regression bằng số not late thật,PASS,TN+FP=17830
TP+FP Logistic Regression bằng số order được cảnh báo,PASS,"TP+FP=3910, cảnh báo=3910"
TN+FN Logistic Regression bằng số order không được cảnh báo,PASS,"TN+FN=15181, không cảnh báo=15181"
F1 theo hai công thức khớp nhau,PASS,"F1=0.21186813186813186, F1 trực tiếp=0.21186813186813186"
Toàn bộ metrics hữu hạn,PASS,"metrics=[0.9060813996123828, 0.23767258382642997, 0.19111816019032513, 0.9566461020751542, 0.043353897924845765, 0.21186813186813186, 0.6872840595579981, 0.053114032790320044, 0.06605206641873133]"
Confusion matrix Random Forest bằng số dòng tập đánh giá,PASS,"TP+TN+FP+FN=19091, số dòng=19091"
TP+FN Random Forest bằng số late thật,PASS,TP+FN=1261
TN+FP Random Forest bằng số not late thật,PASS,TN+FP=17830
TP+FP Random Forest bằng số order được cảnh báo,PASS,"TP+FP=1014, cảnh báo=1014"
TN+FN Random Forest bằng số order không được cảnh báo,PASS,"TN+FN=18077, không cảnh báo=18077"
Hai model có đủ probability trên test,PASS,"join=19091, test=19091"
Logistic Regression có cả hai label để tạo ROC curve,PASS,"positive=1261, negative=17830"
AUC_manual Logistic Regression khớp AUC_Spark,PASS,"AUC_manual=0.70189613509918103, AUC_Spark=0.7018961350991807, độ lệch=3.3306690738754696e-16"
Random Forest có cả hai label để tạo ROC curve,PASS,"positive=1261, negative=17830"
AUC_manual Random Forest khớp AUC_Spark,PASS,"AUC_manual=0.68728405955799843, AUC_Spark=0.68728405955799809, độ lệch=3.3306690738754696e-16"
Baseline majority class có cả hai label để tạo ROC curve,PASS,"positive=1261, negative=17830"
AUC_manual Baseline majority class khớp AUC_Spark,PASS,"AUC_manual=0.5, AUC_Spark=0.5, độ lệch=0"
Chọn được order A,PASS,quy tắc=True Positive có probability_late cao nhất
Chọn được order B,PASS,quy tắc=False Positive có probability_late cao nhất
Chọn được order C,PASS,quy tắc=False Negative gần common threshold nhất ở phía dưới
Chọn được order D,PASS,quy tắc=True Negative có probability_late thấp nhất
Thu được đúng bốn order demo khác nhau,PASS,"order=[('A', 'f46b842d9b4dfd29acf5eec998837ede'), ('B', '686c0ba20be3837a5041edbc39d3f9ae'), ('C', '9b1d71b20edcf15ab15e0bb4a932f23f'), ('D', 'c2bb89b5c1dd978d507284be78a04cb2')]"
Số Logistic Regression coefficients bằng features vector,PASS,"coefficients=141, features=141"
Logistic Regression probability order A khớp Spark,PASS,"manual=0.39798931891486933, Spark=0.39798931891486933, độ lệch=0"
Logistic Regression probability order B khớp Spark,PASS,"manual=0.73944765651953459, Spark=0.73944765651954547, độ lệch=1.0880185641326534e-14"
Logistic Regression probability order C khớp Spark,PASS,"manual=0.093995718010235374, Spark=0.093995718010240203, độ lệch=4.829470157119431e-15"
Logistic Regression probability order D khớp Spark,PASS,"manual=0.0001448519905773873, Spark=0.00014485199057734377, độ lệch=4.3530717225293003e-17"
Số Random Forest feature importance bằng features vector,PASS,"importances=141, features=141"
Random Forest có đúng số decision tree đã cấu hình,PASS,"trees=30, weights=30"
Random Forest probability order A khớp Spark,PASS,"manual=0.13350572426609683, Spark=0.13350572426609683, độ lệch=0"
Order A có leaf index của mọi decision tree,PASS,"leaf indices=30, trees=30"
Leaf index tree 0 order A khớp leafCol,PASS,"predictLeaf=9.0, leafCol=9.0"
Leaf index tree 1 order A khớp leafCol,PASS,"predictLeaf=0.0, leafCol=0.0"
Leaf index tree 2 order A khớp leafCol,PASS,"predictLeaf=11.0, leafCol=11.0"
Leaf index tree 3 order A khớp leafCol,PASS,"predictLeaf=13.0, leafCol=13.0"
Leaf index tree 4 order A khớp leafCol,PASS,"predictLeaf=12.0, leafCol=12.0"
Leaf index tree 5 order A khớp leafCol,PASS,"predictLeaf=20.0, leafCol=20.0"
Leaf index tree 6 order A khớp leafCol,PASS,"predictLeaf=24.0, leafCol=24.0"
Leaf index tree 7 order A khớp leafCol,PASS,"predictLeaf=12.0, leafCol=12.0"
Leaf index tree 8 order A khớp leafCol,PASS,"predictLeaf=26.0, leafCol=26.0"
Leaf index tree 9 order A khớp leafCol,PASS,"predictLeaf=4.0, leafCol=4.0"
Leaf index tree 10 order A khớp leafCol,PASS,"predictLeaf=15.0, leafCol=15.0"
Leaf index tree 11 order A khớp leafCol,PASS,"predictLeaf=12.0, leafCol=12.0"
Leaf index tree 12 order A khớp leafCol,PASS,"predictLeaf=7.0, leafCol=7.0"
Leaf index tree 13 order A khớp leafCol,PASS,"predictLeaf=15.0, leafCol=15.0"
Leaf index tree 14 order A khớp leafCol,PASS,"predictLeaf=20.0, leafCol=20.0"
Leaf index tree 15 order A khớp leafCol,PASS,"predictLeaf=6.0, leafCol=6.0"
Leaf index tree 16 order A khớp leafCol,PASS,"predictLeaf=23.0, leafCol=23.0"
Leaf index tree 17 order A khớp leafCol,PASS,"predictLeaf=3.0, leafCol=3.0"
Leaf index tree 18 order A khớp leafCol,PASS,"predictLeaf=20.0, leafCol=20.0"
Leaf index tree 19 order A khớp leafCol,PASS,"predictLeaf=3.0, leafCol=3.0"
Leaf index tree 20 order A khớp leafCol,PASS,"predictLeaf=13.0, leafCol=13.0"
Leaf index tree 21 order A khớp leafCol,PASS,"predictLeaf=21.0, leafCol=21.0"
Leaf index tree 22 order A khớp leafCol,PASS,"predictLeaf=18.0, leafCol=18.0"
Leaf index tree 23 order A khớp leafCol,PASS,"predictLeaf=2.0, leafCol=2.0"
Leaf index tree 24 order A khớp leafCol,PASS,"predictLeaf=6.0, leafCol=6.0"
Leaf index tree 25 order A khớp leafCol,PASS,"predictLeaf=5.0, leafCol=5.0"
Leaf index tree 26 order A khớp leafCol,PASS,"predictLeaf=14.0, leafCol=14.0"
Leaf index tree 27 order A khớp leafCol,PASS,"predictLeaf=21.0, leafCol=21.0"
Leaf index tree 28 order A khớp leafCol,PASS,"predictLeaf=8.0, leafCol=8.0"
Leaf index tree 29 order A khớp leafCol,PASS,"predictLeaf=2.0, leafCol=2.0"
Tổng treeWeights contribution order A khớp rawPrediction,PASS,"tổng tree=[25.994828272017095, 4.0051717279829049], model raw=[25.994828272017099, 4.0051717279829058]"
Random Forest probability order B khớp Spark,PASS,"manual=0.12883516751028987, Spark=0.12883516751028987, độ lệch=0"
Order B có leaf index của mọi decision tree,PASS,"leaf indices=30, trees=30"
Leaf index tree 0 order B khớp leafCol,PASS,"predictLeaf=9.0, leafCol=9.0"
Leaf index tree 1 order B khớp leafCol,PASS,"predictLeaf=0.0, leafCol=0.0"
Leaf index tree 2 order B khớp leafCol,PASS,"predictLeaf=11.0, leafCol=11.0"
Leaf index tree 3 order B khớp leafCol,PASS,"predictLeaf=13.0, leafCol=13.0"
Leaf index tree 4 order B khớp leafCol,PASS,"predictLeaf=16.0, leafCol=16.0"
Leaf index tree 5 order B khớp leafCol,PASS,"predictLeaf=20.0, leafCol=20.0"
Leaf index tree 6 order B khớp leafCol,PASS,"predictLeaf=16.0, leafCol=16.0"
Leaf index tree 7 order B khớp leafCol,PASS,"predictLeaf=15.0, leafCol=15.0"
Leaf index tree 8 order B khớp leafCol,PASS,"predictLeaf=26.0, leafCol=26.0"
Leaf index tree 9 order B khớp leafCol,PASS,"predictLeaf=4.0, leafCol=4.0"
Leaf index tree 10 order B khớp leafCol,PASS,"predictLeaf=11.0, leafCol=11.0"
Leaf index tree 11 order B khớp leafCol,PASS,"predictLeaf=9.0, leafCol=9.0"
Leaf index tree 12 order B khớp leafCol,PASS,"predictLeaf=7.0, leafCol=7.0"
Leaf index tree 13 order B khớp leafCol,PASS,"predictLeaf=15.0, leafCol=15.0"
Leaf index tree 14 order B khớp leafCol,PASS,"predictLeaf=20.0, leafCol=20.0"
Leaf index tree 15 order B khớp leafCol,PASS,"predictLeaf=0.0, leafCol=0.0"
Leaf index tree 16 order B khớp leafCol,PASS,"predictLeaf=15.0, leafCol=15.0"
Leaf index tree 17 order B khớp leafCol,PASS,"predictLeaf=8.0, leafCol=8.0"
Leaf index tree 18 order B khớp leafCol,PASS,"predictLeaf=16.0, leafCol=16.0"
Leaf index tree 19 order B khớp leafCol,PASS,"predictLeaf=17.0, leafCol=17.0"
Leaf index tree 20 order B khớp leafCol,PASS,"predictLeaf=9.0, leafCol=9.0"
Leaf index tree 21 order B khớp leafCol,PASS,"predictLeaf=19.0, leafCol=19.0"
Leaf index tree 22 order B khớp leafCol,PASS,"predictLeaf=11.0, leafCol=11.0"
Leaf index tree 23 order B khớp leafCol,PASS,"predictLeaf=11.0, leafCol=11.0"
Leaf index tree 24 order B khớp leafCol,PASS,"predictLeaf=14.0, leafCol=14.0"
Leaf index tree 25 order B khớp leafCol,PASS,"predictLeaf=5.0, leafCol=5.0"
Leaf index tree 26 order B khớp leafCol,PASS,"predictLeaf=4.0, leafCol=4.0"
Leaf index tree 27 order B khớp leafCol,PASS,"predictLeaf=18.0, leafCol=18.0"
Leaf index tree 28 order B khớp leafCol,PASS,"predictLeaf=5.0, leafCol=5.0"
Leaf index tree 29 order B khớp leafCol,PASS,"predictLeaf=16.0, leafCol=16.0"
Tổng treeWeights contribution order B khớp rawPrediction,PASS,"tổng tree=[26.134944974691305, 3.8650550253086968], model raw=[26.134944974691305, 3.8650550253086964]"
Random Forest probability order C khớp Spark,PASS,"manual=0.062254984512976501, Spark=0.062254984512976501, độ lệch=0"
Order C có leaf index của mọi decision tree,PASS,"leaf indices=30, trees=30"
Leaf index tree 0 order C khớp leafCol,PASS,"predictLeaf=9.0, leafCol=9.0"
Leaf index tree 1 order C khớp leafCol,PASS,"predictLeaf=2.0, leafCol=2.0"
Leaf index tree 2 order C khớp leafCol,PASS,"predictLeaf=11.0, leafCol=11.0"
Leaf index tree 3 order C khớp leafCol,PASS,"predictLeaf=13.0, leafCol=13.0"
Leaf index tree 4 order C khớp leafCol,PASS,"predictLeaf=20.0, leafCol=20.0"
Leaf index tree 5 order C khớp leafCol,PASS,"predictLeaf=20.0, leafCol=20.0"
Leaf index tree 6 order C khớp leafCol,PASS,"predictLeaf=12.0, leafCol=12.0"
Leaf index tree 7 order C khớp leafCol,PASS,"predictLeaf=20.0, leafCol=20.0"
Leaf index tree 8 order C khớp leafCol,PASS,"predictLeaf=26.0, leafCol=26.0"
Leaf index tree 9 order C khớp leafCol,PASS,"predictLeaf=4.0, leafCol=4.0"
Leaf index tree 10 order C khớp leafCol,PASS,"predictLeaf=15.0, leafCol=15.0"
Leaf index tree 11 order C khớp leafCol,PASS,"predictLeaf=9.0, leafCol=9.0"
Leaf index tree 12 order C khớp leafCol,PASS,"predictLeaf=7.0, leafCol=7.0"
Leaf index tree 13 order C khớp leafCol,PASS,"predictLeaf=15.0, leafCol=15.0"
Leaf index tree 14 order C khớp leafCol,PASS,"predictLeaf=20.0, leafCol=20.0"
Leaf index tree 15 order C khớp leafCol,PASS,"predictLeaf=0.0, leafCol=0.0"
Leaf index tree 16 order C khớp leafCol,PASS,"predictLeaf=23.0, leafCol=23.0"
Leaf index tree 17 order C khớp leafCol,PASS,"predictLeaf=21.0, leafCol=21.0"
Leaf index tree 18 order C khớp leafCol,PASS,"predictLeaf=23.0, leafCol=23.0"
Leaf index tree 19 order C khớp leafCol,PASS,"predictLeaf=17.0, leafCol=17.0"
Leaf index tree 20 order C khớp leafCol,PASS,"predictLeaf=13.0, leafCol=13.0"
Leaf index tree 21 order C khớp leafCol,PASS,"predictLeaf=20.0, leafCol=20.0"
Leaf index tree 22 order C khớp leafCol,PASS,"predictLeaf=18.0, leafCol=18.0"
Leaf index tree 23 order C khớp leafCol,PASS,"predictLeaf=12.0, leafCol=12.0"
Leaf index tree 24 order C khớp leafCol,PASS,"predictLeaf=14.0, leafCol=14.0"
Leaf index tree 25 order C khớp leafCol,PASS,"predictLeaf=5.0, leafCol=5.0"
Leaf index tree 26 order C khớp leafCol,PASS,"predictLeaf=14.0, leafCol=14.0"
Leaf index tree 27 order C khớp leafCol,PASS,"predictLeaf=21.0, leafCol=21.0"
Leaf index tree 28 order C khớp leafCol,PASS,"predictLeaf=12.0, leafCol=12.0"
Leaf index tree 29 order C khớp leafCol,PASS,"predictLeaf=16.0, leafCol=16.0"
Tổng treeWeights contribution order C khớp rawPrediction,PASS,"tổng tree=[28.132350464610706, 1.8676495353892952], model raw=[28.132350464610706, 1.867649535389295]"
Random Forest probability order D khớp Spark,PASS,"manual=0.054934261389883575, Spark=0.054934261389883575, độ lệch=0"
Order D có leaf index của mọi decision tree,PASS,"leaf indices=30, trees=30"
Leaf index tree 0 order D khớp leafCol,PASS,"predictLeaf=9.0, leafCol=9.0"
Leaf index tree 1 order D khớp leafCol,PASS,"predictLeaf=5.0, leafCol=5.0"
Leaf index tree 2 order D khớp leafCol,PASS,"predictLeaf=11.0, leafCol=11.0"
Leaf index tree 3 order D khớp leafCol,PASS,"predictLeaf=13.0, leafCol=13.0"
Leaf index tree 4 order D khớp leafCol,PASS,"predictLeaf=26.0, leafCol=26.0"
Leaf index tree 5 order D khớp leafCol,PASS,"predictLeaf=22.0, leafCol=22.0"
Leaf index tree 6 order D khớp leafCol,PASS,"predictLeaf=17.0, leafCol=17.0"
Leaf index tree 7 order D khớp leafCol,PASS,"predictLeaf=15.0, leafCol=15.0"
Leaf index tree 8 order D khớp leafCol,PASS,"predictLeaf=33.0, leafCol=33.0"
Leaf index tree 9 order D khớp leafCol,PASS,"predictLeaf=4.0, leafCol=4.0"
Leaf index tree 10 order D khớp leafCol,PASS,"predictLeaf=14.0, leafCol=14.0"
Leaf index tree 11 order D khớp leafCol,PASS,"predictLeaf=9.0, leafCol=9.0"
Leaf index tree 12 order D khớp leafCol,PASS,"predictLeaf=3.0, leafCol=3.0"
Leaf index tree 13 order D khớp leafCol,PASS,"predictLeaf=15.0, leafCol=15.0"
Leaf index tree 14 order D khớp leafCol,PASS,"predictLeaf=20.0, leafCol=20.0"
Leaf index tree 15 order D khớp leafCol,PASS,"predictLeaf=17.0, leafCol=17.0"
Leaf index tree 16 order D khớp leafCol,PASS,"predictLeaf=26.0, leafCol=26.0"
Leaf index tree 17 order D khớp leafCol,PASS,"predictLeaf=9.0, leafCol=9.0"
Leaf index tree 18 order D khớp leafCol,PASS,"predictLeaf=10.0, leafCol=10.0"
Leaf index tree 19 order D khớp leafCol,PASS,"predictLeaf=17.0, leafCol=17.0"
Leaf index tree 20 order D khớp leafCol,PASS,"predictLeaf=3.0, leafCol=3.0"
Leaf index tree 21 order D khớp leafCol,PASS,"predictLeaf=20.0, leafCol=20.0"
Leaf index tree 22 order D khớp leafCol,PASS,"predictLeaf=19.0, leafCol=19.0"
Leaf index tree 23 order D khớp leafCol,PASS,"predictLeaf=12.0, leafCol=12.0"
Leaf index tree 24 order D khớp leafCol,PASS,"predictLeaf=14.0, leafCol=14.0"
Leaf index tree 25 order D khớp leafCol,PASS,"predictLeaf=10.0, leafCol=10.0"
Leaf index tree 26 order D khớp leafCol,PASS,"predictLeaf=14.0, leafCol=14.0"
Leaf index tree 27 order D khớp leafCol,PASS,"predictLeaf=17.0, leafCol=17.0"
Leaf index tree 28 order D khớp leafCol,PASS,"predictLeaf=19.0, leafCol=19.0"
Leaf index tree 29 order D khớp leafCol,PASS,"predictLeaf=12.0, leafCol=12.0"
Tổng treeWeights contribution order D khớp rawPrediction,PASS,"tổng tree=[28.351972158303493, 1.6480278416965075], model raw=[28.351972158303493, 1.6480278416965073]"
"Lần chạy lặp có cùng threshold, split, confusion matrix, metrics và A/B/C/D",PASS,"previous=ec543f47703be58e1068a1bebb9c44c632f3e9766da82d87ddb134b460c25dbd, current=ec543f47703be58e1068a1bebb9c44c632f3e9766da82d87ddb134b460c25dbd"
Dataset không bị sửa trong lần chạy,PASS,"hash trước=7301d0c09c808be88ef35203991797fcdf23c3b414f33de978c995b9371601e1, hash sau=7301d0c09c808be88ef35203991797fcdf23c3b414f33de978c995b9371601e1"
Output tồn tại và không rỗng: 05_thong_tin_chia_du_lieu.csv,PASS,C:\data_python\olist_tieu_luan\outputs\tables\05_thong_tin_chia_du_lieu.csv
Output tồn tại và không rỗng: 05_preprocessing_details.csv,PASS,C:\data_python\olist_tieu_luan\outputs\tables\05_preprocessing_details.csv
Output tồn tại và không rỗng: 05_string_indexer_mapping.csv,PASS,C:\data_python\olist_tieu_luan\outputs\tables\05_string_indexer_mapping.csv
Output tồn tại và không rỗng: 05_feature_vector_metadata.csv,PASS,C:\data_python\olist_tieu_luan\outputs\tables\05_feature_vector_metadata.csv
Output tồn tại và không rỗng: 05_validation_common_thresholds.csv,PASS,C:\data_python\olist_tieu_luan\outputs\tables\05_validation_common_thresholds.csv
Output tồn tại và không rỗng: 05_xep_hang_common_threshold_F1.csv,PASS,C:\data_python\olist_tieu_luan\outputs\tables\05_xep_hang_common_threshold_F1.csv
Output tồn tại và không rỗng: 05_so_sanh_threshold_thu_cong.csv,PASS,C:\data_python\olist_tieu_luan\outputs\tables\05_so_sanh_threshold_thu_cong.csv
Output tồn tại và không rỗng: 05_common_threshold_duoc_chon.csv,PASS,C:\data_python\olist_tieu_luan\outputs\tables\05_common_threshold_duoc_chon.csv
Output tồn tại và không rỗng: 05_ket_qua_validation_common_threshold.csv,PASS,C:\data_python\olist_tieu_luan\outputs\tables\05_ket_qua_validation_common_threshold.csv
Output tồn tại và không rỗng: 05_confusion_matrix_validation.csv,PASS,C:\data_python\olist_tieu_luan\outputs\tables\05_confusion_matrix_validation.csv
Output tồn tại và không rỗng: 05_ket_qua_test_common_threshold.csv,PASS,C:\data_python\olist_tieu_luan\outputs\tables\05_ket_qua_test_common_threshold.csv
Output tồn tại và không rỗng: 05_confusion_matrix_test.csv,PASS,C:\data_python\olist_tieu_luan\outputs\tables\05_confusion_matrix_test.csv
Output tồn tại và không rỗng: 05_ket_qua_baseline.csv,PASS,C:\data_python\olist_tieu_luan\outputs\tables\05_ket_qua_baseline.csv
Output tồn tại và không rỗng: 05_logistic_coefficients.csv,PASS,C:\data_python\olist_tieu_luan\outputs\tables\05_logistic_coefficients.csv
Output tồn tại và không rỗng: 05_logistic_score_breakdown_orders.csv,PASS,C:\data_python\olist_tieu_luan\outputs\tables\05_logistic_score_breakdown_orders.csv
Output tồn tại và không rỗng: 05_random_forest_feature_importances.csv,PASS,C:\data_python\olist_tieu_luan\outputs\tables\05_random_forest_feature_importances.csv
Output tồn tại và không rỗng: 05_random_forest_score_breakdown_orders.csv,PASS,C:\data_python\olist_tieu_luan\outputs\tables\05_random_forest_score_breakdown_orders.csv
Output tồn tại và không rỗng: 05_random_forest_tree_details.csv,PASS,C:\data_python\olist_tieu_luan\outputs\tables\05_random_forest_tree_details.csv
Output tồn tại và không rỗng: 05_roc_points_logistic_regression.csv,PASS,C:\data_python\olist_tieu_luan\outputs\tables\05_roc_points_logistic_regression.csv
Output tồn tại và không rỗng: 05_roc_points_random_forest.csv,PASS,C:\data_python\olist_tieu_luan\outputs\tables\05_roc_points_random_forest.csv
Output tồn tại và không rỗng: 05_roc_points_baseline.csv,PASS,C:\data_python\olist_tieu_luan\outputs\tables\05_roc_points_baseline.csv
Output tồn tại và không rỗng: 05_auc_trapezoids_logistic_regression.csv,PASS,C:\data_python\olist_tieu_luan\outputs\tables\05_auc_trapezoids_logistic_regression.csv
Output tồn tại và không rỗng: 05_auc_trapezoids_random_forest.csv,PASS,C:\data_python\olist_tieu_luan\outputs\tables\05_auc_trapezoids_random_forest.csv
Output tồn tại và không rỗng: 05_auc_trapezoids_baseline.csv,PASS,C:\data_python\olist_tieu_luan\outputs\tables\05_auc_trapezoids_baseline.csv
Output tồn tại và không rỗng: 05_demo_orders_A_B_C_D.csv,PASS,C:\data_python\olist_tieu_luan\outputs\tables\05_demo_orders_A_B_C_D.csv
Output tồn tại và không rỗng: 05_danh_sach_feature.csv,PASS,C:\data_python\olist_tieu_luan\outputs\tables\05_danh_sach_feature.csv
Output tồn tại và không rỗng: 05_so_sanh_mo_hinh.csv,PASS,C:\data_python\olist_tieu_luan\outputs\tables\05_so_sanh_mo_hinh.csv
Output tồn tại và không rỗng: 05_ma_tran_nham_lan.csv,PASS,C:\data_python\olist_tieu_luan\outputs\tables\05_ma_tran_nham_lan.csv
Output tồn tại và không rỗng: 05_chan_doan_xac_suat.csv,PASS,C:\data_python\olist_tieu_luan\outputs\tables\05_chan_doan_xac_suat.csv
Output tồn tại và không rỗng: 05_reproducibility_signature.csv,PASS,C:\data_python\olist_tieu_luan\outputs\tables\05_reproducibility_signature.csv
Output tồn tại và không rỗng: 05_reproducibility_check.csv,PASS,C:\data_python\olist_tieu_luan\outputs\tables\05_reproducibility_check.csv
Output tồn tại và không rỗng: 05_common_threshold_validation.png,PASS,C:\data_python\olist_tieu_luan\outputs\charts\05_common_threshold_validation.png
Output tồn tại và không rỗng: 05_confusion_matrix_logistic_regression.png,PASS,C:\data_python\olist_tieu_luan\outputs\charts\05_confusion_matrix_logistic_regression.png
Output tồn tại và không rỗng: 05_confusion_matrix_random_forest.png,PASS,C:\data_python\olist_tieu_luan\outputs\charts\05_confusion_matrix_random_forest.png
Output tồn tại và không rỗng: 05_confusion_matrix_baseline.png,PASS,C:\data_python\olist_tieu_luan\outputs\charts\05_confusion_matrix_baseline.png
Output tồn tại và không rỗng: 05_roc_curve_test.png,PASS,C:\data_python\olist_tieu_luan\outputs\charts\05_roc_curve_test.png
Output tồn tại và không rỗng: 05_probability_distribution_test.png,PASS,C:\data_python\olist_tieu_luan\outputs\charts\05_probability_distribution_test.png
Output tồn tại và không rỗng: 05_so_sanh_mo_hinh.png,PASS,C:\data_python\olist_tieu_luan\outputs\charts\05_so_sanh_mo_hinh.png
